Adress,City,Price,Lot size (m2),Living space size (m2),Build year,Build type,House type,Roof,Rooms,Toilet,Floors,Energy label,Position,Garden,Estimated neighbourhood price per m2
Schoenerstraat 22,Nieuw-Lekkerland,€ 298.000,157 m²,106 m²,1963,Bestaande bouw,"Eengezinswoning, tussenwoning",Zadeldak bedekt met pannen,6 kamers (5 slaapkamers),1 badkamer en 1 apart toilet,3 woonlagen,C,Aan rustige weg en in woonwijk,Achtertuin en voortuin,2.890
Carolinenstraat 11,Stramproy,€ 297.000,278 m²,103 m²,1983,Bestaande bouw,"Eengezinswoning, 2-onder-1-kapwoning",Zadeldak bedekt met pannen,6 kamers (3 slaapkamers),1 badkamer en 1 apart toilet,2 woonlagen en een zolder,B,"Aan rustige weg, in bosrijke omgeving en in woonwijk",Achtertuin en voortuin,4.450
Lavendelhof 23,Oosterhout (NB),€ 349.000,170 m²,132 m²,1974,Bestaande bouw,"Eengezinswoning, tussenwoning",Zadeldak bedekt met pannen,5 kamers (4 slaapkamers),1 badkamer en 1 apart toilet,3 woonlagen,C,Aan rustige weg en in woonwijk,Achtertuin en voortuin,1.865
Dorpsstraat 11,IJzendoorn,€ 399.000,305 m²,117 m²,1951,Bestaande bouw,"Eengezinswoning, 2-onder-1-kapwoning",Zadeldak bedekt met pannen,6 kamers (4 slaapkamers),1 badkamer en 1 apart toilet,3 woonlagen,C,,"Achtertuin, voortuin en zijtuin",860
Groenstraat 52,Roosendaal,€ 305.000,163 m²,115 m²,1913,Bestaande bouw,"Eengezinswoning, tussenwoning",Plat dak bedekt met kunststof,4 kamers (3 slaapkamers),1 badkamer en 2 aparte toiletten,2 woonlagen,C,Aan rustige weg en in woonwijk,Achtertuin,1.485
Kinselmeer 24,Zaandam,€ 375.000,101 m²,128 m²,1971,Bestaande bouw,"Eengezinswoning, tussenwoning",Dwarskap bedekt met pannen,5 kamers (4 slaapkamers),1 badkamer en 1 apart toilet,3 woonlagen,D,In woonwijk en open ligging,"Achtertuin, voortuin en zonneterras",6.190
Leeghwaterstraat 10,Uitgeest,€ 445.000,169 m²,140 m²,1970,Bestaande bouw,"Eengezinswoning, tussenwoning",Zadeldak bedekt met pannen,5 kamers (4 slaapkamers),1 badkamer en 1 apart toilet,3 woonlagen,A,Aan rustige weg en in woonwijk,Achtertuin en voortuin,3.700
de Olieslager 6,Heeze,€ 435.000,182 m²,121 m²,1995,Bestaande bouw,"Eengezinswoning, geschakelde 2-onder-1-kapwoning",Zadeldak bedekt met pannen,6 kamers (4 slaapkamers),1 badkamer en 1 apart toilet,2 woonlagen en een zolder,B,Aan rustige weg en in woonwijk,Achtertuin en voortuin,9.180
Staverdense beek 4,Biddinghuizen,€ 575.000,541 m²,151 m²,2005,Bestaande bouw,"Eengezinswoning, vrijstaande woning",Zadeldak bedekt met pannen,7 kamers (3 slaapkamers),1 badkamer en 1 apart toilet,2 woonlagen,A,Aan rustige weg en in woonwijk,Tuin rondom,1.185
Boslaan 75,Dronten,€ 965.000,1.596 m²,281 m²,1996,Bestaande bouw,"Eengezinswoning, vrijstaande woning",Samengesteld dak bedekt met pannen,8 kamers (6 slaapkamers),2 badkamers en 1 apart toilet,3 woonlagen en een kelder,B,"Aan rustige weg, aan water, in bosrijke omgeving, in woonwijk en vrij uitzicht",Tuin rondom,615
Noordstraat 60,Bodegraven,€ 825.000,458 m²,296 m²,2005,Bestaande bouw,"Villa, vrijstaande woning",Tentdak bedekt met pannen,7 kamers (6 slaapkamers),2 badkamers en 2 aparte toiletten,3 woonlagen,B,"Aan rustige weg, in centrum en in woonwijk","Achtertuin, voortuin en zijtuin",
Oldenzaalsestraat 139,Enschede,€ 500.000,169 m²,171 m²,2009,Bestaande bouw,"Eengezinswoning, geschakelde woning",Zadeldak bedekt met pannen,6 kamers (4 slaapkamers),1 badkamer en 2 aparte toiletten,3 woonlagen en een zolder,A,"Aan drukke weg, in centrum en in woonwijk",Achtertuin en voortuin,1.740
Kasteel Daelenbroeckstraat 20,Roermond,€ 265.000,302 m²,127 m²,1972,Bestaande bouw,"Eengezinswoning, 2-onder-1-kapwoning",Zadeldak bedekt met pannen,6 kamers (4 slaapkamers),1 badkamer en 1 apart toilet,3 woonlagen,D,Aan rustige weg en in woonwijk,Achtertuin,1.935
van Galenstraat 2,Borne,€ 335.000,549 m²,98 m²,1932,Bestaande bouw,"Eengezinswoning, vrijstaande woning",Zadeldak bedekt met pannen,4 kamers (4 slaapkamers),1 badkamer en 1 apart toilet,2 woonlagen en een vliering,G,In woonwijk,Achtertuin en voortuin,2.035
Kwartelstraat 23,Leeuwarden,€ 235.000,118 m²,100 m²,1930,Bestaande bouw,"Eengezinswoning, tussenwoning",Zadeldak bedekt met pannen,4 kamers (3 slaapkamers),1 badkamer en 1 apart toilet,2 woonlagen en een zolder,D,Aan rustige weg en in woonwijk,Achtertuin en voortuin,1.505
Vrijburgstraat 40,Vlissingen,€ 589.000,940 m²,161 m²,1937,Bestaande bouw,"Eengezinswoning, vrijstaande woning",Zadeldak bedekt met pannen,5 kamers (3 slaapkamers),2 badkamers en 1 apart toilet,2 woonlagen en een zolder,C,Aan rustige weg,Tuin rondom,1.785
Groninger Meeuwlaan 81,Barneveld,€ 399.000,129 m²,133 m²,2010,Bestaande bouw,"Eengezinswoning, tussenwoning",Zadeldak bedekt met pannen,5 kamers (4 slaapkamers),1 badkamer en 1 apart toilet,2 woonlagen en een zolder,A,In woonwijk,Achtertuin en voortuin,4.065
Duinrugstraat 43,Almere,€ 825.000,199 m²,182 m²,2017,Bestaande bouw,"Eengezinswoning, tussenwoning",Plat dak bedekt met bitumineuze dakbedekking,4 kamers (3 slaapkamers),1 badkamer en 2 aparte toiletten,2 woonlagen,A,Aan rustige weg en in woonwijk,Achtertuin en voortuin,1.655
Karekietstraat 28,Velp (GE),€ 598.000,430 m²,147 m²,1974,Bestaande bouw,"Bungalow, geschakelde woning",Zadeldak bedekt met bitumineuze dakbedekking en pannen,5 kamers (4 slaapkamers),1 badkamer en 1 apart toilet,2 woonlagen en een vliering,D,"Aan rustige weg, beschutte ligging en in woonwijk",Achtertuin en voortuin,3.420
Rijksweg 94,Limmen,€ 450.000,243 m²,90 m²,1928,Bestaande bouw,"Eengezinswoning, vrijstaande woning",Zadeldak bedekt met pannen,4 kamers (3 slaapkamers),1 badkamer en 1 apart toilet,2 woonlagen en een vliering,D,"Aan drukke weg, in centrum en vrij uitzicht",Achtertuin en voortuin,2.670
Strausslaan 3,Oss,€ 699.000,532 m²,210 m²,1988,Bestaande bouw,"Bungalow, vrijstaande woning (semi-bungalow)",Zadeldak bedekt met pannen,7 kamers (5 slaapkamers),2 badkamers en 1 apart toilet,3 woonlagen,C,,Achtertuin en voortuin,655
Eendjespoortstraat 14,Haarlem,€ 425.000,67 m²,77 m²,1902,Bestaande bouw,"Eengezinswoning, hoekwoning",Mansarde dak bedekt met pannen,4 kamers (3 slaapkamers),1 badkamer en 1 apart toilet,2 woonlagen en een vliering,G,"Aan rustige weg, in centrum en in woonwijk",Achtertuin en zijtuin,1.320
Torenbergerhout 8,Harderwijk,€ 495.000,232 m²,130 m²,2009,Bestaande bouw,"Eengezinswoning, hoekwoning",Zadeldak bedekt met bitumineuze dakbedekking en pannen,4 kamers (3 slaapkamers),1 badkamer en 1 apart toilet,3 woonlagen,A,In woonwijk,Achtertuin en voortuin,2.345
Munnikenweg 125,Beverwijk,€ 300.000,127 m²,88 m²,1930,Bestaande bouw,"Eengezinswoning, hoekwoning",Mansarde dak bedekt met pannen,4 kamers (3 slaapkamers),1 badkamer en 1 apart toilet,3 woonlagen,F,Aan rustige weg en in woonwijk,Achtertuin en voortuin,1.060
Echtenstraat 102,Assen,€ 235.000,178 m²,88 m²,1964,Bestaande bouw,"Eengezinswoning, tussenwoning",Zadeldak bedekt met pannen,4 kamers (3 slaapkamers),1 badkamer en 1 apart toilet,2 woonlagen en een zolder,C,,Achtertuin,1.675
Maarschalkstraat 8,Mijdrecht,€ 475.000,243 m²,125 m²,1963,Bestaande bouw,"Eengezinswoning, hoekwoning",Zadeldak bedekt met pannen,5 kamers (4 slaapkamers),1 badkamer en 1 apart toilet,3 woonlagen,C,Aan rustige weg en in woonwijk,Achtertuin en voortuin,3.595
Kraaijenbergstraat 32,Hattem,€ 320.000,237 m²,73 m²,1953,Bestaande bouw,"Eengezinswoning, hoekwoning",Zadeldak bedekt met pannen,4 kamers (3 slaapkamers),1 badkamer en 1 apart toilet,2 woonlagen en een zolder,D,In woonwijk,Achtertuin en voortuin,2.940
Raanhuisstraat 14,Oosterbeek,€ 695.000,222 m²,142 m²,2016,Bestaande bouw,"Eengezinswoning, 2-onder-1-kapwoning",Zadeldak bedekt met pannen,8 kamers (5 slaapkamers),1 badkamer,2 woonlagen en een zolder,A,Aan rustige weg en in woonwijk,"Achtertuin, voortuin en zonneterras",1.680
Drontermeer 17,Purmerend,€ 385.000,129 m²,100 m²,1989,Bestaande bouw,"Eengezinswoning, tussenwoning",Dwarskap bedekt met pannen,5 kamers (4 slaapkamers),1 badkamer en 1 apart toilet,3 woonlagen,B,Aan rustige weg en in woonwijk,"Achtertuin, voortuin en zijtuin",5.175
Egelpad 2,Zeewolde,€ 425.000,251 m²,119 m²,1993,Bestaande bouw,"Eengezinswoning, 2-onder-1-kapwoning",Schilddak bedekt met bitumineuze dakbedekking en pannen,4 kamers (3 slaapkamers),1 badkamer en 1 apart toilet,3 woonlagen,B,Aan rustige weg en in woonwijk,"Achtertuin, voortuin, zijtuin en zonneterras",4.970
Terrastraat 26,Oudorp,€ 495.000,180 m²,141 m²,1974,Bestaande bouw,"Eengezinswoning, tussenwoning",Zadeldak bedekt met pannen,5 kamers (4 slaapkamers),1 badkamer,3 woonlagen,C,"Aan water, in woonwijk en vrij uitzicht",Achtertuin en voortuin,
Graszode 20,Eindhoven,€ 489.000,134 m²,129 m²,2005,Bestaande bouw,"Eengezinswoning, tussenwoning",Plat dak,6 kamers (4 slaapkamers),1 badkamer en 1 apart toilet,3 woonlagen,A,"Aan rustige weg, in woonwijk en vrij uitzicht",Achtertuin en voortuin,5.835
Blijdestein 8,Ede,€ 339.500,155 m²,128 m²,1970,Bestaande bouw,"Eengezinswoning, tussenwoning",Plat dak bedekt met bitumineuze dakbedekking,6 kamers (5 slaapkamers),1 badkamer en 1 apart toilet,3 woonlagen,C,Aan rustige weg en in woonwijk,Achtertuin en voortuin,2.530
Baanstraat 16,Beverwijk,€ 379.000,95 m²,113 m²,1925,Bestaande bouw,"Eengezinswoning, eindwoning",Zadeldak bedekt met pannen,3 kamers (1 slaapkamer),1 badkamer en 1 apart toilet,2 woonlagen,G,In centrum en in woonwijk,Plaats,2.665
Sloetstraat 20,Zutphen,€ 339.000,159 m²,117 m²,1932,Bestaande bouw,"Eengezinswoning, tussenwoning",Dwarskap bedekt met pannen,4 kamers (3 slaapkamers),1 badkamer en 2 aparte toiletten,"2 woonlagen, een zolder en een kelder",E,Aan rustige weg en in woonwijk,Achtertuin en voortuin,940
Eikelenbergstraat 53,Alkmaar,€ 400.000,115 m²,111 m²,1918,Bestaande bouw,"Eengezinswoning, eindwoning",Zadeldak bedekt met pannen,4 kamers (3 slaapkamers),1 badkamer en 1 apart toilet,2 woonlagen,E,,Achtertuin,1.685
Dille 24,Nijverdal,€ 375.000,253 m²,120 m²,1983,Bestaande bouw,"Eengezinswoning, 2-onder-1-kapwoning",Zadeldak bedekt met pannen,6 kamers (5 slaapkamers),1 badkamer en 1 apart toilet,2 woonlagen en een zolder,C,In woonwijk,Achtertuin en voortuin,2.515
Harpdreef 36,Etten-Leur,€ 349.000,165 m²,140 m²,1979,Bestaande bouw,"Eengezinswoning, tussenwoning",Zadeldak bedekt met pannen,6 kamers (5 slaapkamers),1 badkamer en 1 apart toilet,3 woonlagen,C,Aan rustige weg en in woonwijk,Achtertuin en voortuin,1.655
Beethovengaarde 90,Oss,€ 400.000,243 m²,130 m²,1976,Bestaande bouw,"Eengezinswoning, geschakelde 2-onder-1-kapwoning",Plat dak,5 kamers (4 slaapkamers),1 badkamer en 1 apart toilet,2 woonlagen,A,Aan rustige weg en in woonwijk,Achtertuin en voortuin,915
Plantsoenstraat 5,Malden,€ 375.000,298 m²,102 m²,1961,Bestaande bouw,"Eengezinswoning, 2-onder-1-kapwoning",Zadeldak bedekt met pannen,4 kamers (3 slaapkamers),1 badkamer en 1 apart toilet,"2 woonlagen, een zolder en een kelder",E,"Aan rustige weg, in woonwijk en vrij uitzicht","Achtertuin, voortuin en zijtuin",3.350
Verfmolen 7,Heerhugowaard,€ 575.000,220 m²,126 m²,1985,Bestaande bouw,"Eengezinswoning, 2-onder-1-kapwoning",Zadeldak bedekt met pannen,6 kamers (5 slaapkamers),1 badkamer en 1 apart toilet,3 woonlagen,B,"Aan rustige weg, aan water en in woonwijk","Achtertuin, voortuin en zijtuin",2.755
Bredeweg 316,Roermond,€ 289.500,179 m²,110 m²,1977,Bestaande bouw,"Eengezinswoning, halfvrijstaande woning",Zadeldak bedekt met bitumineuze dakbedekking en pannen,8 kamers (3 slaapkamers),1 badkamer en 1 apart toilet,2 woonlagen en een zolder,D,In centrum,Achtertuin en voortuin,4.290
Volgerweg 78,Zuidoostbeemster,€ 2.250.000,13.220 m²,286 m²,1971,Bestaande bouw,"Landhuis, vrijstaande woning",Samengesteld dak bedekt met bitumineuze dakbedekking en riet,7 kamers (5 slaapkamers),2 badkamers en 2 aparte toiletten,"2 woonlagen, een vliering en een kelder",D,Landelijk gelegen en vrij uitzicht,Tuin rondom,€ 4.869
Klaproosstraat 1,Sint-Oedenrode,€ 525.000,416 m²,177 m²,1993,Bestaande bouw,"Eengezinswoning, 2-onder-1-kapwoning",Samengesteld dak bedekt met bitumineuze dakbedekking en pannen,5 kamers (3 slaapkamers),1 badkamer en 1 apart toilet,3 woonlagen,B,Aan rustige weg en in woonwijk,Achtertuin en voortuin,1.400
Piacenzastraat 18,Vught,€ 697.500,397 m²,179 m²,1974,Bestaande bouw,"Eengezinswoning, halfvrijstaande woning",Zadeldak bedekt met pannen,7 kamers (5 slaapkamers),1 badkamer en 1 apart toilet,3 woonlagen,A,"Aan rustige weg, beschutte ligging en in woonwijk",Achtertuin en voortuin,3.180
Vaartweg 2,Smilde,€ 395.000,985 m²,143 m²,1952,Bestaande bouw,"Eengezinswoning, vrijstaande woning",Zadeldak bedekt met pannen,6 kamers (3 slaapkamers),1 badkamer,2 woonlagen en een vliering,F,"Aan rustige weg, aan vaarwater, aan water, landelijk gelegen en open ligging","Achtertuin, tuin rondom, voortuin en zijtuin",310
Pieter Verweijweg 20,Hoek van Holland,€ 325.000,144 m²,95 m²,1995,Bestaande bouw,"Eengezinswoning, tussenwoning",Zadeldak bedekt met pannen,4 kamers (3 slaapkamers),1 badkamer en 1 apart toilet,3 woonlagen,B,"Aan park, aan rustige weg en in woonwijk",Achtertuin en voortuin,7.905
Diependalstraat 2,Arnhem,€ 700.000,690 m²,157 m²,1957,Bestaande bouw,"Eengezinswoning, 2-onder-1-kapwoning",Zadeldak bedekt met pannen,5 kamers (4 slaapkamers),1 badkamer en 1 apart toilet,3 woonlagen en een kelder,E,"Aan rustige weg, in bosrijke omgeving en vrij uitzicht","Achtertuin, voortuin en zijtuin",1.500
Tarwestraat 1,Putten,€ 499.000,195 m²,114 m²,1983,Bestaande bouw,"Eengezinswoning, eindwoning",Zadeldak bedekt met pannen,6 kamers (4 slaapkamers),1 badkamer en 1 apart toilet,3 woonlagen,B,"Aan rustige weg, in woonwijk en open ligging",Achtertuin en voortuin,3.400
Hoofdstraat 25 B,Hooghalen,€ 650.000,1.836 m²,184 m²,1978,Bestaande bouw,"Bungalow, vrijstaande woning",Zadeldak bedekt met riet,5 kamers (4 slaapkamers),2 badkamers en 1 apart toilet,"2 woonlagen, een vliering en een kelder",C,"Aan bosrand, beschutte ligging, in bosrijke omgeving, in centrum en landelijk gelegen",Tuin rondom,835
Volgerweg 78,Zuidoostbeemster,€ 2.250.000,13.220 m²,286 m²,1971,Bestaande bouw,"Landhuis, vrijstaande woning",Samengesteld dak bedekt met riet,7 kamers (5 slaapkamers),2 badkamers en 1 apart toilet,"2 woonlagen, een vliering en een kelder",D,Landelijk gelegen en vrij uitzicht,Tuin rondom,€ 4.869
Otto van Asperenstraat 4,Hoef en Haag,€ 469.000,134 m²,128 m²,2019,Bestaande bouw,"Eengezinswoning, tussenwoning",Zadeldak bedekt met pannen,4 kamers (3 slaapkamers),1 badkamer en 1 apart toilet,3 woonlagen,A,In woonwijk,Achtertuin,
Rotstuinlaan 19,Vleuten,€ 500.000,104 m²,115 m²,2012,Bestaande bouw,"Eengezinswoning, tussenwoning",Zadeldak bedekt met bitumineuze dakbedekking en pannen,6 kamers (5 slaapkamers),1 badkamer en 1 apart toilet,3 woonlagen,A,Aan rustige weg en in woonwijk,Achtertuin en voortuin,5.035
Spaarnrijkstraat 21,Haarlem,€ 750.000,134 m²,127 m²,1931,Bestaande bouw,"Eengezinswoning, tussenwoning",Zadeldak bedekt met pannen,6 kamers (4 slaapkamers),1 badkamer en 1 apart toilet,3 woonlagen,C,Aan rustige weg en in woonwijk,Achtertuin en voortuin,1.010
Ottersveen 105,Spijkenisse,€ 310.000,158 m²,121 m²,1974,Bestaande bouw,"Eengezinswoning, tussenwoning",Zadeldak bedekt met pannen,4 kamers (3 slaapkamers),1 badkamer en 1 apart toilet,3 woonlagen,D,Aan rustige weg en in woonwijk,Achtertuin en voortuin,470
De Wiersse 41,Almelo,€ 199.000,135 m²,95 m²,1977,Bestaande bouw,"Eengezinswoning, tussenwoning",Zadeldak bedekt met pannen,4 kamers (3 slaapkamers),1 badkamer en 1 apart toilet,2 woonlagen en een zolder,C,,Achtertuin,3.170
Turfhoofd 21,Oudenbosch,€ 335.000,98 m²,140 m²,2009,Bestaande bouw,"Eengezinswoning, tussenwoning",Zadeldak bedekt met pannen,5 kamers (4 slaapkamers),1 badkamer en 1 apart toilet,3 woonlagen,A,In woonwijk,Achtertuin,4.230
Debussystraat 32,Zevenaar,€ 275.000,165 m²,117 m²,1970,Bestaande bouw,"Eengezinswoning, tussenwoning",Zadeldak bedekt met pannen,5 kamers (4 slaapkamers),1 badkamer en 1 apart toilet,3 woonlagen,C,Aan rustige weg en in woonwijk,Achtertuin,4.215
Donkeregaarde 55,Nieuwegein,€ 450.000,145 m²,121 m²,1977,Bestaande bouw,"Eengezinswoning, hoekwoning",Zadeldak bedekt met pannen,5 kamers (4 slaapkamers),1 badkamer en 1 apart toilet,3 woonlagen,D,Aan rustige weg en in woonwijk,Achtertuin en voortuin,€ 3.425
Molenberg 25,Reusel,€ 569.000,335 m²,153 m²,2005,Bestaande bouw,"Eengezinswoning, vrijstaande woning",Tentdak bedekt met pannen,5 kamers (4 slaapkamers),1 badkamer en 1 apart toilet,2 woonlagen en een zolder,B,Aan rustige weg en in centrum,Achtertuin en voortuin,7.130
Trompstraat 48,Haarlem,€ 549.500,140 m²,98 m²,1939,Bestaande bouw,"Eengezinswoning, hoekwoning",Zadeldak bedekt met pannen,5 kamers (3 slaapkamers),1 badkamer en 1 apart toilet,3 woonlagen,G,In woonwijk,Achtertuin en voortuin,2.560
Mariënhagen 28,Rotterdam,€ 600.000,198 m²,140 m²,2018,Bestaande bouw,"Herenhuis, 2-onder-1-kapwoning",Zadeldak bedekt met bitumineuze dakbedekking en pannen,4 kamers (3 slaapkamers),1 badkamer en 2 aparte toiletten,3 woonlagen,A,"Aan rustige weg, aan water, beschutte ligging en in woonwijk",Achtertuin en voortuin,28.875
Johannes Vermeerstraat 11,Raamsdonksveer,€ 498.000,183 m²,165 m²,2009,Bestaande bouw,"Eengezinswoning, halfvrijstaande woning",Zadeldak bedekt met pannen,7 kamers (5 slaapkamers),1 badkamer,4 woonlagen,A,Aan rustige weg en in woonwijk,"Achtertuin, voortuin en zijtuin",6.515
Roekenbos 19,Hoofddorp,€ 375.000,128 m²,87 m²,1986,Bestaande bouw,"Eengezinswoning, tussenwoning",Samengesteld dak bedekt met bitumineuze dakbedekking en pannen,4 kamers (3 slaapkamers),1 badkamer en 1 apart toilet,2 woonlagen en een zolder,B,"Aan rustige weg, in woonwijk en vrij uitzicht",Achtertuin en voortuin,4.820
Geerteveld 32,Koog aan de Zaan,€ 375.000,152 m²,100 m²,1976,Bestaande bouw,"Eengezinswoning, geschakelde woning",Plat dak bedekt met bitumineuze dakbedekking,4 kamers (3 slaapkamers),1 badkamer en 1 apart toilet,2 woonlagen,C,,Achtertuin en voortuin,6.440
Lindelaan 2,Krommenie,€ 350.000,165 m²,71 m²,1928,Bestaande bouw,"Eengezinswoning, vrijstaande woning",Zadeldak bedekt met pannen,3 kamers (2 slaapkamers),1 badkamer en 1 apart toilet,2 woonlagen en een vliering,G,"Aan park, aan rustige weg en in woonwijk","Achtertuin, voortuin en zijtuin",2.045
Ovidiusstraat 12,Sittard,€ 500.000,364 m²,149 m²,2002,Bestaande bouw,"Eengezinswoning, vrijstaande woning",Plat dak bedekt met bitumineuze dakbedekking,6 kamers (4 slaapkamers),1 badkamer en 2 aparte toiletten,3 woonlagen,A,Aan rustige weg en in woonwijk,Achtertuin en voortuin,5.615
Uranusstraat 20,Haarlem,€ 550.000,134 m²,104 m²,1936,Bestaande bouw,"Eengezinswoning, tussenwoning",Zadeldak bedekt met pannen,5 kamers (3 slaapkamers),1 badkamer en 1 apart toilet,3 woonlagen,G,Aan rustige weg en in woonwijk,Achtertuin en voortuin,1.805
Zwanenveld 3752,Nijmegen,€ 375.000,172 m²,128 m²,1975,Bestaande bouw,"Eengezinswoning, tussenwoning",Zadeldak bedekt met pannen,5 kamers (4 slaapkamers),1 badkamer en 1 apart toilet,3 woonlagen,C,Aan rustige weg en in woonwijk,Achtertuin en voortuin,4.685
Zwanenveld 3752,Nijmegen,€ 375.000,172 m²,128 m²,1975,Bestaande bouw,"Eengezinswoning, tussenwoning",Zadeldak bedekt met pannen,5 kamers (4 slaapkamers),1 badkamer en 1 apart toilet,3 woonlagen,C,Aan rustige weg en in woonwijk,Achtertuin en voortuin,4.685
Prunuslaan 63,Amstelveen,€ 550.000,150 m²,120 m²,1958,Bestaande bouw,"Eengezinswoning, tussenwoning",Zadeldak bedekt met pannen,5 kamers (4 slaapkamers),1 badkamer en 2 aparte toiletten,3 woonlagen,C,Aan rustige weg en in woonwijk,Achtertuin en voortuin,3.490
Rijenpad 17,Almere,€ 310.000,150 m²,100 m²,1983,Bestaande bouw,"Eengezinswoning, tussenwoning",Plat dak bedekt met bitumineuze dakbedekking,5 kamers (4 slaapkamers),1 badkamer en 1 apart toilet,2 woonlagen,A,Aan rustige weg en in woonwijk,Achtertuin en voortuin,10.380
Ligusterweg 5,Wijchen,€ 565.000,260 m²,136 m²,2000,Bestaande bouw,"Eengezinswoning, geschakelde woning",Zadeldak bedekt met pannen,6 kamers (4 slaapkamers),1 badkamer en 2 aparte toiletten,3 woonlagen,A,Aan rustige weg en in woonwijk,"Achtertuin, voortuin en zijtuin",995
Essenerweg 39,Kootwijkerbroek,€ 839.000,873 m²,179 m²,2002,Bestaande bouw,"Eengezinswoning, vrijstaande woning",Schilddak bedekt met pannen,5 kamers (4 slaapkamers),1 badkamer en 1 apart toilet,3 woonlagen,B,Vrij uitzicht,Tuin rondom,1.665
Zwanenzijde 4,Leiden,€ 500.000,153 m²,118 m²,1975,Bestaande bouw,"Eengezinswoning, verspringend (drive-in woning)",Lessenaardak bedekt met asbest,4 kamers (3 slaapkamers),1 badkamer en 1 apart toilet,2 woonlagen,C,In woonwijk en vrij uitzicht,Achtertuin,2.455
Goudsberg 6,Amersfoort,€ 445.000,133 m²,93 m²,2002,Bestaande bouw,"Eengezinswoning, tussenwoning",Zadeldak bedekt met pannen,4 kamers (3 slaapkamers),1 badkamer en 1 apart toilet,3 woonlagen,A,In woonwijk,Achtertuin en voortuin,€ 3.418
Vlierbes 12,Borne,€ 515.000,232 m²,109 m²,2021,Bestaande bouw,"Eengezinswoning, 2-onder-1-kapwoning",Schilddak bedekt met pannen,5 kamers (3 slaapkamers),1 badkamer en 1 apart toilet,3 woonlagen,A+++,In woonwijk,Achtertuin en voortuin,
Nassaupark 28,Baarle-Nassau,€ 435.000,145 m²,154 m²,2017,Bestaande bouw,"Eengezinswoning, tussenwoning",Zadeldak,5 kamers (3 slaapkamers),1 badkamer en 1 apart toilet,3 woonlagen,A,Aan rustige weg,Achtertuin en voortuin,€ 3.032
1e Lunarelaan 37,Capelle aan den IJssel,€ 500.000,125 m²,128 m²,2008,Bestaande bouw,"Eengezinswoning, tussenwoning",Zadeldak bedekt met pannen,5 kamers (4 slaapkamers),1 badkamer,3 woonlagen,A,In woonwijk,Achtertuin en voortuin,1.245
Korhoenlaan 70,Heemstede,€ 425.000,156 m²,94 m²,1966,Bestaande bouw,"Eengezinswoning, tussenwoning",Zadeldak bedekt met pannen,5 kamers (4 slaapkamers),1 badkamer en 1 apart toilet,3 woonlagen,C,Aan rustige weg en in woonwijk,Achtertuin en voortuin,1.325
Brinklaan 16 B,Bussum,€ 520.000,120 m²,128 m²,1904,Bestaande bouw,"Eengezinswoning, 2-onder-1-kapwoning",Mansarde dak bedekt met pannen,6 kamers (4 slaapkamers),1 badkamer en 1 apart toilet,2 woonlagen,C,In centrum,Achtertuin en zijtuin,775
Hittekamp 15,Leersum,€ 450.000,219 m²,111 m²,1971,Bestaande bouw,"Eengezinswoning, hoekwoning",Zadeldak bedekt met pannen,5 kamers (4 slaapkamers),1 badkamer en 1 apart toilet,2 woonlagen en een zolder,C,"Aan rustige weg, in bosrijke omgeving en in woonwijk","Achtertuin, voortuin en zijtuin",€ 4.141
Nereusburg 33,Nieuwegein,€ 375.000,143 m²,113 m²,1987,Bestaande bouw,"Eengezinswoning, tussenwoning",Zadeldak bedekt met pannen,5 kamers (4 slaapkamers),1 badkamer en 1 apart toilet,3 woonlagen,C,Aan rustige weg,Achtertuin en voortuin,€ 3.570
Stoofkade 7,Gouda,€ 1.195.000,1.880 m²,186 m²,2006,Bestaande bouw,"Villa, vrijstaande woning",Zadeldak bedekt met pannen,5 kamers (4 slaapkamers),1 badkamer en 1 apart toilet,2 woonlagen en een vliering,B,"Aan rustige weg, aan vaarwater, aan water, buiten bebouwde kom, open ligging en vrij uitzicht",Tuin rondom,235
Aztekenstraat 52,Purmerend,€ 545.000,177 m²,144 m²,2001,Bestaande bouw,"Eengezinswoning, tussenwoning",Plat dak bedekt met bitumineuze dakbedekking,6 kamers (5 slaapkamers),1 badkamer en 2 aparte toiletten,3 woonlagen,A,Aan rustige weg en in woonwijk,Achtertuin en voortuin,4.625
Peel 8 b,Dronten,€ 300.000,333 m²,103 m²,1985,Bestaande bouw,"Eengezinswoning, geschakelde woning",Zadeldak bedekt met pannen,4 kamers (3 slaapkamers),1 badkamer en 1 apart toilet,2 woonlagen,C,Aan rustige weg en in woonwijk,Achtertuin en voortuin,1.270
Nagelhoutstraat 8,Holten,€ 237.000,200 m²,99 m²,1974,Bestaande bouw,"Eengezinswoning, tussenwoning",Zadeldak bedekt met pannen,7 kamers (3 slaapkamers),1 badkamer,3 woonlagen,C,,Achtertuin en voortuin,1.760
Corversbos 170,Hoofddorp,€ 425.000,140 m²,101 m²,1984,Bestaande bouw,"Eengezinswoning, tussenwoning",Zadeldak bedekt met pannen,5 kamers (4 slaapkamers),1 badkamer en 1 apart toilet,3 woonlagen,B,"Aan rustige weg, in woonwijk en vrij uitzicht",Achtertuin en voortuin,4.820
Getijdelant 70,Volendam,€ 425.000,218 m²,127 m²,1991,Bestaande bouw,"Eengezinswoning, hoekwoning",Dwarskap bedekt met bitumineuze dakbedekking en pannen,5 kamers (4 slaapkamers),1 badkamer en 1 apart toilet,3 woonlagen,C,In woonwijk,"Achtertuin, voortuin en zijtuin",2.480
Fagotdreef 17,Harderwijk,€ 450.000,214 m²,123 m²,2002,Bestaande bouw,"Eengezinswoning, hoekwoning",Lessenaardak,5 kamers (4 slaapkamers),1 badkamer en 1 apart toilet,3 woonlagen,A,"Aan rustige weg, in woonwijk en vrij uitzicht","Achtertuin, voortuin en zijtuin",1.300
Rijksweg 30,Herten,€ 300.000,850 m²,142 m²,1910,Bestaande bouw,"Eengezinswoning, 2-onder-1-kapwoning",Zadeldak bedekt met pannen,8 kamers (3 slaapkamers),2 badkamers,"2 woonlagen, een zolder en een kelder",D,Aan drukke weg,Achtertuin en zijtuin,2.140
Ahornhout 27,Assen,€ 525.000,296 m²,187 m²,2008,Bestaande bouw,"Eengezinswoning, 2-onder-1-kapwoning",Dwarskap bedekt met pannen,6 kamers (4 slaapkamers),1 badkamer en 1 apart toilet,3 woonlagen,A,"Aan rustige weg, in woonwijk en vrij uitzicht","Achtertuin, voortuin en zijtuin",1.145
Willem de Zwijgerstraat 102,Veen,€ 347.500,218 m²,87 m²,1987,Bestaande bouw,"Eengezinswoning, 2-onder-1-kapwoning",Zadeldak bedekt met pannen,5 kamers (4 slaapkamers),1 badkamer en 1 apart toilet,3 woonlagen,C,In woonwijk,Achtertuin en voortuin,2.340
Ligusterstraat 26,Vaassen,€ 395.000,144 m²,120 m²,1973,Bestaande bouw,"Eengezinswoning, eindwoning",Dwarskap bedekt met pannen,5 kamers (4 slaapkamers),1 badkamer en 1 apart toilet,3 woonlagen,D,Aan rustige weg en in woonwijk,Achtertuin en voortuin,1.715
Graafschappad 8,Son en Breugel,€ 475.000,292 m²,161 m²,1977,Bestaande bouw,"Eengezinswoning, geschakelde woning",Samengesteld dak bedekt met pannen,6 kamers (5 slaapkamers),1 badkamer en 2 aparte toiletten,2 woonlagen en een zolder,C,"Aan rustige weg, beschutte ligging, in bosrijke omgeving en in woonwijk",Achtertuin en voortuin,4.400
Bernard de la Faillebocht 36,Rotterdam,€ 475.000,128 m²,111 m²,1994,Bestaande bouw,"Eengezinswoning, tussenwoning",Samengesteld dak bedekt met bitumineuze dakbedekking en pannen,3 kamers (2 slaapkamers),1 badkamer en 1 apart toilet,3 woonlagen,C,In woonwijk en vrij uitzicht,Achtertuin,17.060
Overtonstraat 8,Haarlem,€ 925.000,439 m²,125 m²,1914,Bestaande bouw,"Eengezinswoning, tussenwoning",Samengesteld dak bedekt met bitumineuze dakbedekking en pannen,6 kamers (4 slaapkamers),1 badkamer en 1 apart toilet,2 woonlagen en een vliering,D,Aan rustige weg en in woonwijk,Achtertuin en voortuin,1.365
Lijsterbeslaan 35,Hillegom,€ 395.000,110 m²,109 m²,1997,Bestaande bouw,"Eengezinswoning, tussenwoning",Zadeldak bedekt met pannen,5 kamers (4 slaapkamers),1 badkamer en 1 apart toilet,3 woonlagen,B,Aan rustige weg en in woonwijk,Achtertuin en voortuin,910
Krabbestraat 17,Eindhoven,€ 375.000,162 m²,71 m²,1957,Bestaande bouw,"Eengezinswoning, tussenwoning",Zadeldak bedekt met pannen,4 kamers (3 slaapkamers),1 badkamer en 1 apart toilet,3 woonlagen,D,"Aan rustige weg, in bosrijke omgeving en in woonwijk",Achtertuin en voortuin,3.155
De Taling 54,Almelo,€ 489.000,476 m²,164 m²,1994,Bestaande bouw,"Eengezinswoning, vrijstaande woning",Zadeldak bedekt met pannen,5 kamers (4 slaapkamers),1 badkamer en 1 apart toilet,2 woonlagen en een zolder,A,Aan rustige weg en in woonwijk,Tuin rondom,985
Emmastraat 32,Goirle,€ 425.000,180 m²,139 m²,1942,Bestaande bouw,"Eengezinswoning, tussenwoning",Zadeldak bedekt met pannen,5 kamers (4 slaapkamers),2 badkamers en 1 apart toilet,2 woonlagen en een zolder,E,"Aan rustige weg, in centrum en in woonwijk","Achtertuin, voortuin en zonneterras",1.200
Koningin Julianastraat 78,Smilde,€ 350.000,369 m²,142 m²,1974,Bestaande bouw,"Eengezinswoning, 2-onder-1-kapwoning",Zadeldak bedekt met pannen,5 kamers (4 slaapkamers),1 badkamer en 1 apart toilet,3 woonlagen,C,"Aan rustige weg, beschutte ligging en in bosrijke omgeving",Achtertuin en voortuin,3.685
Warmoesstraat 122,Wormerveer,€ 369.000,125 m²,90 m²,1928,Bestaande bouw,"Eengezinswoning, hoekwoning",Schilddak bedekt met pannen,4 kamers (3 slaapkamers),1 badkamer en 1 apart toilet,2 woonlagen en een vliering,F,In woonwijk,Achtertuin,3.650
Sloelaan 17,Terneuzen,€ 229.000,136 m²,105 m²,1974,Bestaande bouw,"Eengezinswoning, tussenwoning",Zadeldak bedekt met bitumineuze dakbedekking en pannen,5 kamers (4 slaapkamers),1 badkamer en 1 apart toilet,3 woonlagen,C,In woonwijk,Achtertuin en voortuin,2.965
Govert Bidloostraat 32 34,Den Haag,€ 540.000,105 m²,157 m²,,Bestaande bouw,"Herenhuis, tussenwoning",Plat dak bedekt met bitumineuze dakbedekking,8 kamers (6 slaapkamers),3 badkamers en 1 apart toilet,3 woonlagen en een kelder,C,In woonwijk,Achtertuin,11.585
Viaductstraat 72,Wamel,€ 825.000,1.705 m²,237 m²,1982,Bestaande bouw,"Eengezinswoning, vrijstaande woning (dijkwoning)",Zadeldak bedekt met pannen,6 kamers (4 slaapkamers),1 badkamer en 1 apart toilet,2 woonlagen,C,Aan rustige weg en aan vaarwater,Achtertuin en voortuin,2.140
Blokwetering 52,Culemborg,€ 950.000,452 m²,203 m²,2019,Bestaande bouw,"Villa, vrijstaande woning",Dwarskap bedekt met pannen,6 kamers (5 slaapkamers),2 badkamers en 2 aparte toiletten,3 woonlagen,A,"Aan rustige weg, aan water, in woonwijk en vrij uitzicht","Achtertuin, voortuin en zijtuin",€ 4.036
Dr. Alphons Ariënsstraat 6,Amstelveen,€ 500.000,156 m²,102 m²,1961,Bestaande bouw,"Eengezinswoning, tussenwoning",Zadeldak bedekt met bitumineuze dakbedekking,5 kamers (4 slaapkamers),1 badkamer en 2 aparte toiletten,2 woonlagen en een vliering,E,Beschutte ligging en in woonwijk,Achtertuin en voortuin,3.090
Hogesteeg 42,Amersfoort,€ 800.000,200 m²,170 m²,2021,Bestaande bouw,"Eengezinswoning, 2-onder-1-kapwoning",Schilddak bedekt met pannen,6 kamers (5 slaapkamers),1 badkamer en 1 apart toilet,3 woonlagen,A,"Aan rustige weg, in woonwijk en vrij uitzicht",Achtertuin en voortuin,€ 4.077
Stuurboord 10,Wijk bij Duurstede,€ 379.000,131 m²,110 m²,1985,Bestaande bouw,"Eengezinswoning, tussenwoning",Zadeldak bedekt met pannen,5 kamers (4 slaapkamers),1 badkamer en 1 apart toilet,2 woonlagen en een zolder met vliering,C,In woonwijk en vrij uitzicht,Achtertuin en voortuin,1.760
Haverschmidtstraat 97,Den Haag,€ 375.000,99 m²,118 m²,1932,Bestaande bouw,"Eengezinswoning, tussenwoning",Zadeldak bedekt met pannen,6 kamers (4 slaapkamers),1 badkamer en 1 apart toilet,3 woonlagen,C,Aan rustige weg en in woonwijk,Achtertuin en voortuin,11.495
Meeuwenkant 54,Emmeloord,€ 450.000,267 m²,144 m²,1950,Bestaande bouw,"Eengezinswoning, hoekwoning",Zadeldak bedekt met pannen,4 kamers (3 slaapkamers),1 badkamer en 1 apart toilet,3 woonlagen,C,"Aan rustige weg, in centrum, in woonwijk en vrij uitzicht",Achtertuin en voortuin,2.090
Seminarielaan 2,Hoeven,€ 650.000,505 m²,198 m²,1987,Bestaande bouw,"Eengezinswoning, vrijstaande woning",Zadeldak bedekt met pannen,8 kamers (5 slaapkamers),1 badkamer en 1 apart toilet,3 woonlagen,C,Aan rustige weg en in woonwijk,Achtertuin,4.765
Tempelhof 31,Dalfsen,€ 550.000,431 m²,153 m²,1973,Bestaande bouw,"Herenhuis, vrijstaande woning",Zadeldak bedekt met pannen,7 kamers (6 slaapkamers),1 badkamer en 1 apart toilet,3 woonlagen,B,"Aan bosrand, aan rustige weg, beschutte ligging, in woonwijk, landelijk gelegen en vrij uitzicht","Achtertuin, voortuin en zijtuin",720
Landgraaf 44,Eindhoven,€ 419.000,148 m²,91 m²,2016,Bestaande bouw,"Eengezinswoning, hoekwoning",Plat dak bedekt met bitumineuze dakbedekking,4 kamers (3 slaapkamers),1 badkamer en 1 apart toilet,2 woonlagen,A,"Aan rustige weg, in woonwijk en vrij uitzicht",Achtertuin en voortuin,5.835
Enkhuizenstraat 1,Emmeloord,€ 280.000,168 m²,118 m²,1988,Bestaande bouw,"Eengezinswoning, geschakelde woning",Zadeldak bedekt met pannen,6 kamers (5 slaapkamers),1 badkamer en 1 apart toilet,3 woonlagen,B,"Aan rustige weg, in centrum, in woonwijk en vrij uitzicht",Achtertuin en voortuin,3.280
A.J. Duymaer van Twiststraat 22,Deventer,€ 475.000,130 m²,133 m²,1920,Bestaande bouw,"Herenhuis, tussenwoning",Zadeldak bedekt met pannen,7 kamers (6 slaapkamers),2 badkamers en 1 apart toilet,3 woonlagen,E,In woonwijk,Achtertuin en voortuin,1.180
Romerswaalestraat 4 a,Zuiddorpe,€ 250.000,202 m²,117 m²,1977,Bestaande bouw,"Eengezinswoning, 2-onder-1-kapwoning",Zadeldak bedekt met bitumineuze dakbedekking en pannen,5 kamers (4 slaapkamers),1 badkamer en 1 apart toilet,3 woonlagen,C,In woonwijk,Achtertuin en voortuin,
Armweide 13,Ruinen (Gem. De Wolden),€ 850.000,4.639 m²,255 m²,,Bestaande bouw,"Woonboerderij, vrijstaande woning",Zadeldak bedekt met riet,5 kamers (3 slaapkamers),1 badkamer en 1 apart toilet,2 woonlagen,A++,"Aan rustige weg, buiten bebouwde kom, landelijk gelegen en vrij uitzicht",Tuin rondom,675
Strandwal 60,Vlissingen,€ 359.500,197 m²,136 m²,2004,Bestaande bouw,"Eengezinswoning, tussenwoning",Lessenaardak bedekt met bitumineuze dakbedekking,5 kamers (4 slaapkamers),1 badkamer en 1 apart toilet,2 woonlagen,A,In woonwijk,Achtertuin en voortuin,1.170
Meindert Hobbemastraat 63,Almere,€ 425.000,204 m²,121 m²,2000,Bestaande bouw,"Herenhuis, eindwoning",Plat dak bedekt met bitumineuze dakbedekking,4 kamers (3 slaapkamers),1 badkamer en 1 apart toilet,2 woonlagen en een kelder,A,Aan rustige weg en in woonwijk,Achtertuin en voortuin,6.260
Zuiderwouder Dorpsstraat 28,Zuiderwoude,€ 1.500.000,610 m²,223 m²,1974,Bestaande bouw,"Woonboerderij, vrijstaande woning",Schilddak bedekt met pannen,7 kamers (4 slaapkamers),2 badkamers en 1 apart toilet,2 woonlagen en een zolder,D,"Aan vaarwater, aan water, landelijk gelegen, open ligging en vrij uitzicht",Achtertuin en tuin rondom,310
Moleneinde 24,Diever,€ 550.000,972 m²,139 m²,1900,Bestaande bouw,"Woonboerderij, vrijstaande woning",Zadeldak bedekt met pannen,5 kamers (3 slaapkamers),2 badkamers en 1 apart toilet,4 woonlagen,G,Aan rustige weg en in bosrijke omgeving,Tuin rondom en zonneterras,2.225
Drossard de la Courtstraat 44,Gemert,€ 500.000,400 m²,180 m²,1976,Bestaande bouw,"Eengezinswoning, vrijstaande woning",Zadeldak bedekt met pannen,7 kamers (5 slaapkamers),1 badkamer en 1 apart toilet,3 woonlagen,C,Aan rustige weg en in woonwijk,"Achtertuin, voortuin en zijtuin",6.130
Groenendael 114,IJsselmuiden,€ 349.000,251 m²,153 m²,1980,Bestaande bouw,"Eengezinswoning, hoekwoning",Zadeldak bedekt met pannen,7 kamers (5 slaapkamers),1 badkamer en 1 apart toilet,4 woonlagen,C,"Aan park, aan rustige weg en in woonwijk",Achtertuin en voortuin,3.920
Eerste Hieronymus van Alphenstraat 96,Gouda,€ 350.000,93 m²,97 m²,1930,Bestaande bouw,"Eengezinswoning, tussenwoning",Zadeldak bedekt met pannen,5 kamers (4 slaapkamers),1 badkamer en 1 apart toilet,3 woonlagen,E,In woonwijk,Achtertuin,2.570
Rietgors 19,Leusden,€ 459.000,173 m²,127 m²,1972,Bestaande bouw,"Eengezinswoning, tussenwoning",Zadeldak bedekt met pannen,5 kamers (4 slaapkamers),1 badkamer en 1 apart toilet,3 woonlagen,D,Aan rustige weg en in woonwijk,Achtertuin en voortuin,1.130
De Vissert 5,Well (LI),€ 1.000.000,25.445 m²,260 m²,1968,Bestaande bouw,"Bungalow, vrijstaande woning",Zadeldak bedekt met pannen,9 kamers (6 slaapkamers),2 badkamers en 1 apart toilet,2 woonlagen,D,"Aan bosrand, aan rustige weg, beschutte ligging, buiten bebouwde kom, in bosrijke omgeving, landelijk gelegen, open ligging en vrij uitzicht",Tuin rondom,540
Benedenberg 17,Bergambacht,€ 975.000,4.770 m²,156 m²,1969,Bestaande bouw,"Eengezinswoning, vrijstaande woning",Zadeldak bedekt met pannen,6 kamers (4 slaapkamers),2 badkamers en 1 apart toilet,2 woonlagen,D,Landelijk gelegen en open ligging,Tuin rondom,420
Leliestraat 40,Deventer,€ 567.500,613 m²,126 m²,1903,Bestaande bouw,"Eengezinswoning, vrijstaande woning",Samengesteld dak bedekt met pannen,5 kamers (4 slaapkamers),1 badkamer en 1 apart toilet,2 woonlagen,F,Aan rustige weg en in woonwijk,Tuin rondom en zonneterras,2.305
Heiblomsedijk 15,Berlicum,€ 800.000,1.177 m²,231 m²,1995,Bestaande bouw,"Eengezinswoning, vrijstaande woning",Zadeldak bedekt met pannen,4 kamers (3 slaapkamers),1 badkamer en 1 apart toilet,2 woonlagen,B,Vrij uitzicht,Tuin rondom,230
Mr. van Zuylen van Nyeveltstraat 2,Waalwijk,€ 350.000,145 m²,134 m²,1966,Bestaande bouw,"Eengezinswoning, eindwoning",Zadeldak bedekt met pannen,6 kamers (5 slaapkamers),1 badkamer en 1 apart toilet,3 woonlagen,D,Aan rustige weg en in woonwijk,Achtertuin,3.600
Ladderbeekstraat 106,Velsen-Noord,€ 325.000,129 m²,103 m²,1934,Bestaande bouw,"Eengezinswoning, tussenwoning",Zadeldak bedekt met pannen,5 kamers (4 slaapkamers),1 badkamer en 2 aparte toiletten,3 woonlagen,C,Aan rustige weg en in woonwijk,Achtertuin,1.190
Keizerstraat 9,Wormer,€ 289.000,126 m²,66 m²,1960,Bestaande bouw,"Eengezinswoning, tussenwoning",Zadeldak bedekt met pannen,5 kamers (3 slaapkamers),1 badkamer en 1 apart toilet,3 woonlagen,D,Aan rustige weg en in woonwijk,Achtertuin en voortuin,3.505
Siciliëstraat 24,Almere,€ 335.000,177 m²,88 m²,2002,Bestaande bouw,"Eengezinswoning, hoekwoning",Plat dak bedekt met bitumineuze dakbedekking,4 kamers (3 slaapkamers),1 badkamer en 1 apart toilet,2 woonlagen,B,Aan rustige weg en in woonwijk,Achtertuin en voortuin,6.005
Heeskesacker 1124,Nijmegen,€ 309.500,210 m²,104 m²,1982,Bestaande bouw,"Eengezinswoning, eindwoning",Zadeldak bedekt met pannen,5 kamers (3 slaapkamers),1 badkamer en 1 apart toilet,3 woonlagen,C,"Aan rustige weg, aan water en in woonwijk",Achtertuin en voortuin,5.465
Baron van Nagellstraat 35,Voorthuizen,€ 500.000,390 m²,113 m²,2000,Bestaande bouw,"Eengezinswoning, 2-onder-1-kapwoning",Zadeldak bedekt met pannen,4 kamers (3 slaapkamers),2 badkamers en 1 apart toilet,2 woonlagen,A,,"Achtertuin, voortuin en zijtuin",795
Verheullaan 60,Bergschenhoek,€ 435.000,116 m²,108 m²,1999,Bestaande bouw,"Eengezinswoning, tussenwoning",Dwarskap bedekt met pannen,5 kamers (4 slaapkamers),1 badkamer en 1 apart toilet,3 woonlagen,B,In woonwijk,Achtertuin en voortuin,4.155
Bennebroekerweg 79,Rijsenhout,€ 695.000,738 m²,219 m²,1940,Bestaande bouw,"Villa, vrijstaande woning",Zadeldak bedekt met pannen,7 kamers (5 slaapkamers),2 badkamers en 1 apart toilet,3 woonlagen,E,In centrum en in woonwijk,Tuin rondom,1.325
Rozendael 157,Borger,€ 300.000,320 m²,140 m²,1971,Bestaande bouw,"Eengezinswoning, 2-onder-1-kapwoning",Zadeldak bedekt met pannen,5 kamers (4 slaapkamers),1 badkamer en 1 apart toilet,3 woonlagen,D,"Aan rustige weg, in bosrijke omgeving en in woonwijk",Achtertuin en voortuin,€ 2.350
Gitaar 18,Ewijk,€ 425.000,283 m²,170 m²,1986,Bestaande bouw,"Eengezinswoning, 2-onder-1-kapwoning",Zadeldak bedekt met pannen,5 kamers (4 slaapkamers),1 badkamer en 1 apart toilet,3 woonlagen,C,Aan rustige weg en in woonwijk,Achtertuin en voortuin,850
Ligtenbergerdijk 18,Rijssen,€ 625.000,425 m²,170 m²,2004,Bestaande bouw,"Eengezinswoning, vrijstaande woning",Zadeldak bedekt met pannen,8 kamers (3 slaapkamers),1 badkamer en 1 apart toilet,3 woonlagen,A,"Aan rustige weg, in woonwijk en landelijk gelegen",Achtertuin en voortuin,6.970
Dr. Schaepmanstraat 153,Assen,€ 375.000,117 m²,144 m²,2018,Bestaande bouw,"Eengezinswoning, tussenwoning",Plat dak bedekt met bitumineuze dakbedekking,6 kamers (4 slaapkamers),1 badkamer en 1 apart toilet,3 woonlagen,A,"Aan rustige weg, in centrum en in woonwijk",Achtertuin en voortuin,1.810
Blaarthemseweg 18,Eindhoven,€ 500.000,272 m²,148 m²,1931,Bestaande bouw,"Herenhuis, 2-onder-1-kapwoning",Schilddak bedekt met pannen,6 kamers (4 slaapkamers),1 badkamer en 1 apart toilet,"2 woonlagen, een vliering en een kelder",F,In woonwijk,Achtertuin en voortuin,2.450
Kamperfoeliestraat 9,Sint-Michielsgestel,€ 369.000,182 m²,113 m²,1967,Bestaande bouw,"Eengezinswoning, eindwoning",Zadeldak bedekt met pannen,5 kamers (4 slaapkamers),1 badkamer en 1 apart toilet,3 woonlagen,D,Aan rustige weg en in woonwijk,Achtertuin en voortuin,4.075
Gomarusstraat 33,Wagenberg,€ 349.000,186 m²,89 m²,1970,Bestaande bouw,"Eengezinswoning, 2-onder-1-kapwoning",Zadeldak bedekt met pannen,3 kamers (2 slaapkamers),1 badkamer en 2 aparte toiletten,2 woonlagen en een zolder,C,Aan rustige weg en in woonwijk,Achtertuin,€ 3.125
Krekelzanger 89,Boxmeer,€ 625.000,512 m²,170 m²,1994,Bestaande bouw,"Eengezinswoning, vrijstaande woning",Zadeldak bedekt met pannen,6 kamers (3 slaapkamers),1 badkamer en 1 apart toilet,2 woonlagen en een zolder,C,Aan rustige weg en in woonwijk,Tuin rondom,2.650
Dijlehof 18,Amsterdam,€ 425.000,90 m²,84 m²,1996,Bestaande bouw,"Eengezinswoning, tussenwoning",Plat dak bedekt met bitumineuze dakbedekking,3 kamers (2 slaapkamers),1 badkamer en 1 apart toilet,2 woonlagen,C,Aan rustige weg en in woonwijk,"Patio/atrium, voortuin en zonneterras",14.040
Slagenland 7,'s Gravenmoer,€ 499.000,230 m²,146 m²,2011,Bestaande bouw,"Eengezinswoning, geschakelde 2-onder-1-kapwoning",Zadeldak bedekt met pannen,6 kamers (4 slaapkamers),1 badkamer en 1 apart toilet,2 woonlagen en een zolder,A,Aan rustige weg en in woonwijk,Achtertuin en voortuin,2.260
Sint Jozefhof 11,Made,€ 395.000,100 m²,127 m²,2011,Bestaande bouw,"Eengezinswoning, tussenwoning",Zadeldak bedekt met pannen,4 kamers (3 slaapkamers),1 badkamer en 1 apart toilet,3 woonlagen,A,Aan rustige weg en in woonwijk,Achtertuin en voortuin,€ 3.491
Singel 10,Nieuwerkerk aan den IJssel,€ 395.000,182 m²,128 m²,1962,Bestaande bouw,"Eengezinswoning, tussenwoning",Zadeldak bedekt met pannen,6 kamers (5 slaapkamers),1 badkamer en 2 aparte toiletten,3 woonlagen,G,"Aan rustige weg, in woonwijk en vrij uitzicht",Achtertuin en voortuin,2.630
Seisstraat 16,Middelburg,€ 749.000,164 m²,166 m²,1650,Bestaande bouw,"Herenhuis, tussenwoning",Zadeldak bedekt met pannen,5 kamers (4 slaapkamers),1 badkamer en 1 apart toilet,3 woonlagen,Niet verplicht,In centrum,Achtertuin,1.040
Sambeekerf 10,Tilburg,€ 465.000,298 m²,111 m²,2006,Bestaande bouw,"Bungalow, tussenwoning",Plat dak bedekt met bitumineuze dakbedekking,5 kamers (3 slaapkamers),1 badkamer en 1 apart toilet,1 woonlaag,A,Aan rustige weg en in woonwijk,Achtertuin en voortuin,4.235
Limbahout 6,Zoetermeer,€ 995.000,484 m²,205 m²,2002,Bestaande bouw,"Villa, 2-onder-1-kapwoning",Schilddak bedekt met leisteen,8 kamers (4 slaapkamers),2 badkamers en 2 aparte toiletten,"3 woonlagen, een vliering en een kelder",A,"Aan park, aan rustige weg, aan water, beschutte ligging en vrij uitzicht","Achtertuin, voortuin en zijtuin",7.950
Kruidenlaan 117,Nijverdal,€ 370.000,249 m²,97 m²,1989,Bestaande bouw,"Eengezinswoning, 2-onder-1-kapwoning",Zadeldak bedekt met pannen,4 kamers (3 slaapkamers),1 badkamer en 1 apart toilet,2 woonlagen en een zolder,C,In woonwijk en open ligging,Achtertuin en voortuin,2.515
Vogelakker 30,Almere,€ 725.000,932 m²,113 m²,2019,Bestaande bouw,"Villa, vrijstaande woning",Plat dak bedekt met bitumineuze dakbedekking,4 kamers (3 slaapkamers),1 badkamer en 1 apart toilet,2 woonlagen,A,"Aan rustige weg, in woonwijk, landelijk gelegen, open ligging en vrij uitzicht",Tuin rondom,1.665
Luitstraat 22,Almere,€ 399.000,129 m²,103 m²,1991,Bestaande bouw,"Eengezinswoning, tussenwoning",Samengesteld dak,5 kamers (4 slaapkamers),1 badkamer en 1 apart toilet,3 woonlagen en een zolder,C,Aan rustige weg en in woonwijk,Achtertuin en voortuin,10.990
Duikerlaan 8,Wageningen,€ 389.000,116 m²,112 m²,2002,Bestaande bouw,"Eengezinswoning, tussenwoning",Plat dak bedekt met bitumineuze dakbedekking,5 kamers (4 slaapkamers),1 badkamer en 1 apart toilet,2 woonlagen en een zolder,A,Aan rustige weg en in woonwijk,Achtertuin en voortuin,2.235
Beneluxlaan 38,Geleen,€ 250.000,199 m²,95 m²,1969,Bestaande bouw,"Eengezinswoning, tussenwoning",Plat dak bedekt met bitumineuze dakbedekking,5 kamers (3 slaapkamers),1 badkamer en 1 apart toilet,2 woonlagen,C,Aan rustige weg en in woonwijk,Achtertuin en voortuin,5.030
Beneluxlaan 38,Geleen,€ 250.000,199 m²,95 m²,1969,Bestaande bouw,"Eengezinswoning, tussenwoning",Plat dak bedekt met bitumineuze dakbedekking,5 kamers (3 slaapkamers),1 badkamer en 1 apart toilet,2 woonlagen,C,Aan rustige weg en in woonwijk,Achtertuin en voortuin,5.030
Insulindestraat 1,Doetinchem,€ 475.000,365 m²,168 m²,1975,Bestaande bouw,"Eengezinswoning, 2-onder-1-kapwoning",Zadeldak bedekt met pannen,5 kamers (4 slaapkamers),1 badkamer en 1 apart toilet,2 woonlagen en een zolder,C,In woonwijk en vrij uitzicht,"Achtertuin, voortuin en zijtuin",2.475
Batjanstraat 7,Enschede,€ 198.000,142 m²,92 m²,1938,Bestaande bouw,"Eengezinswoning, eindwoning",Samengesteld dak bedekt met pannen,4 kamers (2 slaapkamers),1 badkamer en 1 apart toilet,2 woonlagen en een zolder,G,"Aan rustige weg, in centrum en in woonwijk",Achtertuin,2.810
J.J. Allanstraat 357 A,Westzaan,€ 885.000,272 m²,167 m²,2020,Bestaande bouw,"Herenhuis, vrijstaande woning",Samengesteld dak,7 kamers (5 slaapkamers),1 badkamer en 1 apart toilet,3 woonlagen,A,Aan rustige weg en in woonwijk,Achtertuin en zijtuin,650
T.W.S. Mansholtstraat 49,Groningen,€ 895.000,599 m²,264 m²,1989,Bestaande bouw,"Herenhuis, vrijstaande woning",Samengesteld dak bedekt met bitumineuze dakbedekking en pannen,8 kamers (4 slaapkamers),1 badkamer en 1 apart toilet,3 woonlagen,A,Aan rustige weg en in woonwijk,"Achtertuin, voortuin en zonneterras",710
Rijkevoortsedijk 14,Rijkevoort,€ 475.000,2.165 m²,156 m²,1977,Bestaande bouw,"Eengezinswoning, vrijstaande woning",Zadeldak bedekt met leisteen,6 kamers (5 slaapkamers),1 badkamer en 1 apart toilet,2 woonlagen,C,Aan rustige weg en in centrum,Tuin rondom,1.340
Ledeackerstraat 6,Tilburg,€ 325.000,143 m²,103 m²,1992,Bestaande bouw,"Eengezinswoning, tussenwoning",Zadeldak bedekt met pannen,5 kamers (4 slaapkamers),1 badkamer en 1 apart toilet,2 woonlagen en een zolder,A,Aan rustige weg en in woonwijk,Achtertuin en voortuin,6.010
Heulweg 3 a,Barendrecht,€ 1.375.000,432 m²,236 m²,2022,Bestaande bouw,"Villa, vrijstaande woning",Samengesteld dak bedekt met kunststof en pannen,8 kamers (6 slaapkamers),2 badkamers en 2 aparte toiletten,2 woonlagen en een zolder,A+,"Aan rustige weg, in centrum, in woonwijk, open ligging en vrij uitzicht",Tuin rondom,675
De Tol 5,Woudenberg,€ 650.000,242 m²,151 m²,1993,Bestaande bouw,"Eengezinswoning, 2-onder-1-kapwoning",Tentdak,6 kamers (4 slaapkamers),1 badkamer en 2 aparte toiletten,3 woonlagen,B,,Achtertuin en voortuin,1.475
Torenberglaan 44,Eindhoven,€ 560.000,286 m²,147 m²,1973,Bestaande bouw,"Eengezinswoning, 2-onder-1-kapwoning",Zadeldak bedekt met bitumineuze dakbedekking en pannen,6 kamers (5 slaapkamers),1 badkamer,3 woonlagen,B,Aan rustige weg en in woonwijk,Achtertuin en voortuin,5.250
Rhijnauwensingel 469,Rotterdam,€ 318.800,103 m²,109 m²,1981,Bestaande bouw,"Eengezinswoning, tussenwoning",Zadeldak bedekt met pannen,5 kamers (5 slaapkamers),1 badkamer en 1 apart toilet,3 woonlagen,B,In woonwijk,Achtertuin,12.275
Nijhofflaan 5,Blaricum,€ 1.080.000,262 m²,180 m²,2019,Bestaande bouw,"Eengezinswoning, 2-onder-1-kapwoning",Mansarde dak bedekt met overig,5 kamers (4 slaapkamers),1 badkamer en 2 aparte toiletten,3 woonlagen,A,Aan rustige weg en in woonwijk,"Achtertuin, voortuin en zijtuin",2.540
Het Steen 5,Grootegast,€ 315.000,495 m²,121 m²,1965,Bestaande bouw,"Eengezinswoning, vrijstaande woning",Zadeldak bedekt met pannen,4 kamers (3 slaapkamers),1 badkamer en 1 apart toilet,2 woonlagen en een kelder,E,Aan rustige weg en in woonwijk,"Achtertuin, voortuin, zijtuin en zonneterras",3.340
Schuttevaer 37 a,Hoogeveen,€ 259.000,142 m²,118 m²,1986,Bestaande bouw,"Eengezinswoning, geschakelde woning",Zadeldak bedekt met pannen,6 kamers (5 slaapkamers),1 badkamer en 1 apart toilet,3 woonlagen en een zolder,B,Aan rustige weg en in woonwijk,Achtertuin en voortuin,1.395
Dorpsweg Ransdorp 91,Amsterdam,€ 575.000,215 m²,75 m²,1932,Bestaande bouw,"Eengezinswoning, vrijstaande woning",Zadeldak bedekt met pannen,4 kamers (3 slaapkamers),1 badkamer en 1 apart toilet,2 woonlagen,C,"Aan rustige weg, aan water en in centrum","Achtertuin, voortuin en zijtuin",2.385
Broersven 4,Heemskerk,€ 550.000,224 m²,109 m²,1973,Bestaande bouw,"Bungalow, geschakelde woning",Plat dak bedekt met bitumineuze dakbedekking,3 kamers (2 slaapkamers),1 badkamer en 1 apart toilet,1 woonlaag,A,Beschutte ligging en in woonwijk,Patio/atrium en voortuin,1.505
Tuinkersstraat 3,Voorhout,€ 645.000,217 m²,154 m²,1991,Bestaande bouw,"Eengezinswoning, 2-onder-1-kapwoning",Schilddak,5 kamers (4 slaapkamers),1 badkamer en 2 aparte toiletten,3 woonlagen,C,Aan rustige weg en in woonwijk,Achtertuin en voortuin,1.800
Zevenhuizen 34,Hattem,€ 330.000,207 m²,90 m²,1967,Bestaande bouw,"Eengezinswoning, 2-onder-1-kapwoning",Zadeldak bedekt met pannen,4 kamers (3 slaapkamers),1 badkamer en 1 apart toilet,2 woonlagen en een zolder,D,In woonwijk,Achtertuin en voortuin,2.940
IJsselmondselaan 170,Rotterdam,€ 245.000,199 m²,83 m²,1910,Bestaande bouw,"Eengezinswoning, geschakelde woning",Zadeldak bedekt met pannen,5 kamers (4 slaapkamers),1 badkamer,2 woonlagen,G,"Aan water, beschutte ligging en in woonwijk",Achtertuin en voortuin,1.635
van Borselelaan 15,Veere,€ 289.000,150 m²,108 m²,1981,Bestaande bouw,"Eengezinswoning, tussenwoning",Zadeldak bedekt met pannen,5 kamers (4 slaapkamers),1 badkamer en 1 apart toilet,3 woonlagen,B,In woonwijk,Achtertuin en voortuin,865
Benthuizenstraat 15,Zoetermeer,€ 1.650.000,690 m²,305 m²,2007,Bestaande bouw,"Villa, vrijstaande woning",Samengesteld dak bedekt met riet,11 kamers (5 slaapkamers),2 badkamers en 2 aparte toiletten,3 woonlagen,A,"Aan rustige weg, in woonwijk en vrij uitzicht",Tuin rondom,16.005
Roeklaan 3,Eindhoven,€ 849.000,331 m²,177 m²,1927,Bestaande bouw,"Eengezinswoning, vrijstaande woning",Schilddak bedekt met bitumineuze dakbedekking en pannen,6 kamers (5 slaapkamers),1 badkamer en 1 apart toilet,"2 woonlagen, een zolder en een kelder",C,"Aan rustige weg, in centrum en in woonwijk",Tuin rondom,2.255
Repelsestraat 5,Neerijnen,€ 850.000,5.872 m²,151 m²,,Bestaande bouw,"Woonboerderij, vrijstaande woning",Samengesteld dak bedekt met pannen,5 kamers (4 slaapkamers),2 badkamers en 1 apart toilet,2 woonlagen,D,"Aan rustige weg, beschutte ligging, landelijk gelegen en vrij uitzicht",Tuin rondom,320
Dorpsstraat 40,Bergen (NH),€ 1.175.000,880 m²,145 m²,1975,Bestaande bouw,"Villa, vrijstaande woning",Zadeldak bedekt met pannen,5 kamers (4 slaapkamers),2 badkamers en 1 apart toilet,2 woonlagen,C,In centrum,Achtertuin en zijtuin,985
Stroomrug 19,Cuijk,€ 1.050.000,578 m²,156 m²,2006,Bestaande bouw,"Villa, vrijstaande woning",Zadeldak bedekt met pannen,4 kamers (3 slaapkamers),1 badkamer en 1 apart toilet,2 woonlagen en een zolder,B,"Aan rustige weg, aan vaarwater, aan water en in woonwijk",Tuin rondom,6.825
Claude Debussystraat 59,Zaandijk,€ 659.000,187 m²,126 m²,1994,Bestaande bouw,"Eengezinswoning, geschakelde woning",Lessenaardak bedekt met bitumineuze dakbedekking,5 kamers (4 slaapkamers),1 badkamer en 2 aparte toiletten,2 woonlagen en een kelder,B,"Aan rustige weg, aan vaarwater, in woonwijk en vrij uitzicht","Achtertuin, voortuin en zonneterras",3.165
Horstlaan 2 a,Almelo,€ 285.000,273 m²,117 m²,1969,Bestaande bouw,"Bungalow, 2-onder-1-kapwoning (semi-bungalow)",Plat dak bedekt met bitumineuze dakbedekking,5 kamers (3 slaapkamers),2 badkamers,2 woonlagen,E,In woonwijk,Achtertuin en voortuin,1.085
Meindert Hobbemastraat 71,Almere,€ 450.000,204 m²,123 m²,2000,Bestaande bouw,"Eengezinswoning, eindwoning",Plat dak bedekt met bitumineuze dakbedekking,4 kamers (3 slaapkamers),1 badkamer en 1 apart toilet,2 woonlagen,A,"Aan park, aan rustige weg, aan water en in woonwijk",Achtertuin en voortuin,6.260
Buitenbos 5,Meteren,€ 685.000,377 m²,161 m²,2020,Bestaande bouw,"Eengezinswoning, 2-onder-1-kapwoning",Schilddak bedekt met leisteen,6 kamers (5 slaapkamers),1 badkamer en 1 apart toilet,3 woonlagen,A,In woonwijk,"Achtertuin, voortuin en zijtuin",970
Arkumerhemstraat 5,Sneek,€ 275.000,158 m²,135 m²,1965,Bestaande bouw,"Eengezinswoning, tussenwoning",Zadeldak bedekt met pannen,5 kamers (4 slaapkamers),1 badkamer en 1 apart toilet,2 woonlagen en een zolder,C,Aan rustige weg en in woonwijk,Achtertuin en voortuin,2.560
Berberislaan 143,Winterswijk,€ 225.000,205 m²,96 m²,1972,Bestaande bouw,"Eengezinswoning, hoekwoning",Plat dak bedekt met bitumineuze dakbedekking,4 kamers (3 slaapkamers),1 badkamer en 1 apart toilet,2 woonlagen,F,In bosrijke omgeving en in woonwijk,Achtertuin en voortuin,3.905
Helmpad 2,De Zilk,€ 429.000,147 m²,108 m²,1996,Bestaande bouw,"Eengezinswoning, hoekwoning",Zadeldak bedekt met pannen,5 kamers (4 slaapkamers),1 badkamer en 1 apart toilet,3 woonlagen,B,"Aan rustige weg, beschutte ligging en in woonwijk","Achtertuin, voortuin en zijtuin",€ 3.672
Europa-ring 203,Wierden,€ 389.000,335 m²,148 m²,1980,Bestaande bouw,"Eengezinswoning, 2-onder-1-kapwoning",Zadeldak bedekt met pannen,5 kamers (4 slaapkamers),1 badkamer en 1 apart toilet,3 woonlagen,B,Aan rustige weg en in woonwijk,"Achtertuin, voortuin en zijtuin",890
Raaigras 3,De Goorn,€ 560.000,286 m²,159 m²,2008,Bestaande bouw,"Eengezinswoning, 2-onder-1-kapwoning",Zadeldak bedekt met pannen,6 kamers (4 slaapkamers),1 badkamer en 1 apart toilet,3 woonlagen,A,Aan water en in woonwijk,"Achtertuin, voortuin en zijtuin",950
Johan van der Poortenlaan 65,Spijkenisse,€ 500.000,221 m²,136 m²,2012,Bestaande bouw,"Herenhuis, hoekwoning","Zadeldak bedekt met bitumineuze dakbedekking, overig en pannen",7 kamers (6 slaapkamers),1 badkamer en 1 apart toilet,3 woonlagen,A,"Aan rustige weg, beschutte ligging en in woonwijk","Achtertuin, voortuin en zijtuin",1.210
Westersingel 11 a,Burgum,€ 539.000,900 m²,228 m²,1946,Bestaande bouw,"Eengezinswoning, 2-onder-1-kapwoning",Zadeldak bedekt met pannen,5 kamers (3 slaapkamers),1 badkamer en 1 apart toilet,1 woonlaag,C,Aan rustige weg en in woonwijk,Achtertuin en voortuin,9.320
In de Mehre 32,Susteren,€ 499.000,258 m²,162 m²,2005,Bestaande bouw,"Eengezinswoning, geschakelde woning",Zadeldak bedekt met pannen,6 kamers (5 slaapkamers),1 badkamer en 2 aparte toiletten,2 woonlagen en een zolder,A,Aan rustige weg en in woonwijk,Achtertuin en voortuin,590
Noordveen 2,Beilen,€ 499.000,527 m²,153 m²,1991,Bestaande bouw,"Eengezinswoning, vrijstaande woning",Zadeldak bedekt met pannen,6 kamers (4 slaapkamers),2 badkamers en 1 apart toilet,2 woonlagen en een zolder,B,"Aan rustige weg, aan water, in bosrijke omgeving, in woonwijk en vrij uitzicht","Achtertuin, voortuin, zijtuin en zonneterras",9.415
Nettelhorst 65,Ede,€ 290.000,112 m²,123 m²,1970,Bestaande bouw,"Eengezinswoning, tussenwoning (drive-in woning)",Plat dak bedekt met bitumineuze dakbedekking,5 kamers (3 slaapkamers),1 badkamer en 1 apart toilet,3 woonlagen,C,Aan rustige weg en in woonwijk,Achtertuin,2.410
Veerstraat 1 a,Druten,€ 695.000,506 m²,208 m²,1900,Bestaande bouw,"Eengezinswoning, vrijstaande woning",Zadeldak bedekt met pannen,12 kamers (5 slaapkamers),2 badkamers en 2 aparte toiletten,2 woonlagen,C,Beschutte ligging en in centrum,Achtertuin,6.855
Valkenburgerweg 80,Rijnsburg,€ 934.000,505 m²,196 m²,2000,Bestaande bouw,"Villa, vrijstaande woning",Samengesteld dak bedekt met pannen,9 kamers (6 slaapkamers),1 badkamer en 2 aparte toiletten,3 woonlagen,A+,Aan rustige weg en in woonwijk,Achtertuin en voortuin,2.775
Ruitjensakker 15,Lieshout,€ 400.000,355 m²,146 m²,1980,Bestaande bouw,"Eengezinswoning, 2-onder-1-kapwoning",Zadeldak bedekt met pannen,5 kamers (4 slaapkamers),1 badkamer en 1 apart toilet,3 woonlagen,C,In woonwijk,Achtertuin en voortuin,3.555
Bakemastraat 69,Utrecht,€ 550.000,123 m²,116 m²,2007,Bestaande bouw,"Eengezinswoning, tussenwoning",Zadeldak bedekt met pannen,4 kamers (3 slaapkamers),1 badkamer en 1 apart toilet,3 woonlagen,A,Aan rustige weg en in woonwijk,Achtertuin en voortuin,6.330
Watermolenstraat 8,Westzaan,€ 400.000,171 m²,108 m²,1971,Bestaande bouw,"Eengezinswoning, tussenwoning",Zadeldak bedekt met pannen,5 kamers (4 slaapkamers),1 badkamer en 1 apart toilet,3 woonlagen,C,"Aan rustige weg, aan vaarwater, aan water, in woonwijk en vrij uitzicht",Achtertuin en voortuin,2.415
Kruislaan 1 B,Oostvoorne,€ 1.450.000,2.290 m²,192 m²,1980,Bestaande bouw,"Villa, vrijstaande woning",Zadeldak bedekt met pannen,4 kamers (3 slaapkamers),2 badkamers en 1 apart toilet,2 woonlagen en een zolder,C,In bosrijke omgeving en vrij uitzicht,Tuin rondom,4.810
Kotterstraat 20,Alkmaar,€ 340.000,209 m²,75 m²,1979,Bestaande bouw,"Eengezinswoning, hoekwoning",Samengesteld dak bedekt met overig,3 kamers (2 slaapkamers),1 badkamer,2 woonlagen,C,"Aan rustige weg, aan water, beschutte ligging en in woonwijk","Achtertuin, voortuin en zijtuin",3.355
Frederik Hendrikstraat 4,Vroomshoop,€ 719.000,700 m²,301 m²,1971,Bestaande bouw,"Eengezinswoning, vrijstaande woning",Zadeldak bedekt met pannen,7 kamers (5 slaapkamers),3 badkamers en 2 aparte toiletten,"2 woonlagen, een vliering en een kelder",A,Beschutte ligging en in woonwijk,Tuin rondom en zonneterras,3.005
Pasteurlaan 20,Vlijmen,€ 375.000,170 m²,106 m²,1986,Bestaande bouw,"Eengezinswoning, hoekwoning",Zadeldak bedekt met pannen,6 kamers (4 slaapkamers),1 badkamer en 1 apart toilet,3 woonlagen,C,"Aan rustige weg, in bosrijke omgeving, in woonwijk, open ligging en vrij uitzicht",Achtertuin en voortuin,6.325
Boomgaard 8 a,Koudekerke,€ 365.000,243 m²,108 m²,1989,Bestaande bouw,"Eengezinswoning, eindwoning",Zadeldak bedekt met pannen,5 kamers (4 slaapkamers),1 badkamer en 1 apart toilet,3 woonlagen,A,In woonwijk,Achtertuin en voortuin,2.765
Zuideinde 188,Westzaan,€ 850.000,720 m²,129 m²,1790,Bestaande bouw,"Eengezinswoning, vrijstaande woning",Zadeldak bedekt met pannen,5 kamers (4 slaapkamers),1 badkamer en 1 apart toilet,"2 woonlagen, een vliering en een kelder",C,"Aan water, in woonwijk en vrij uitzicht","Achtertuin, tuin rondom en zonneterras",1.430
Pachtersveld 113,Apeldoorn,€ 375.000,307 m²,122 m²,1974,Bestaande bouw,"Eengezinswoning, hoekwoning",Dwarskap bedekt met pannen,5 kamers (4 slaapkamers),1 badkamer en 1 apart toilet,3 woonlagen,C,In woonwijk,"Achtertuin, voortuin, zijtuin en zonneterras",5.760
Pa Pinkelmanstraat 24,Almere,€ 943.000,498 m²,223 m²,2010,Bestaande bouw,"Villa, vrijstaande woning",Tentdak bedekt met pannen,8 kamers (6 slaapkamers),1 badkamer en 1 apart toilet,3 woonlagen,A,In woonwijk,Tuin rondom,6.870
Pijperlaan 60,Zwijndrecht,€ 395.060,133 m²,131 m²,1982,Bestaande bouw,"Eengezinswoning, eindwoning",Samengesteld dak bedekt met bitumineuze dakbedekking en pannen,5 kamers (4 slaapkamers),1 badkamer en 1 apart toilet,3 woonlagen,A,In woonwijk,Achtertuin en voortuin,1.320
Yukonstraat 2,Spijkenisse,€ 285.000,197 m²,90 m²,,Bestaande bouw,"Eengezinswoning, hoekwoning",Zadeldak,3 kamers (2 slaapkamers),1 badkamer en 1 apart toilet,2 woonlagen,C,In woonwijk,Tuin rondom,1.690
Kennemerstraatweg 654,Heiloo,€ 575.000,403 m²,111 m²,1938,Bestaande bouw,"Eengezinswoning, vrijstaande woning",Zadeldak bedekt met pannen,6 kamers (4 slaapkamers),1 badkamer en 1 apart toilet,3 woonlagen,G,In woonwijk,Tuin rondom,2.225
Tweede Schoolstraat 5,Gouda,€ 425.000,109 m²,119 m²,2011,Bestaande bouw,"Eengezinswoning, tussenwoning",Zadeldak bedekt met pannen,5 kamers (4 slaapkamers),1 badkamer en 1 apart toilet,3 woonlagen,A+,In woonwijk,Achtertuin en voortuin,6.115
Stationsstraat 81,Elsloo (LI),€ 349.000,1.150 m²,132 m²,1921,Bestaande bouw,"Eengezinswoning, tussenwoning",Zadeldak bedekt met bitumineuze dakbedekking en pannen,9 kamers (4 slaapkamers),1 badkamer en 1 apart toilet,"2 woonlagen, een zolder en een kelder",G,In centrum en in woonwijk,Achtertuin,7.020
Robijndijk 153 B,Roosendaal,€ 1.025.000,987 m²,227 m²,1998,Bestaande bouw,"Eengezinswoning, vrijstaande woning",Samengesteld dak bedekt met bitumineuze dakbedekking en pannen,6 kamers (4 slaapkamers),2 badkamers,2 woonlagen,B,Aan rustige weg,Tuin rondom,4.490
Brigantijn 39,Brielle,€ 350.000,139 m²,114 m²,1973,Bestaande bouw,"Eengezinswoning, tussenwoning (drive-in woning)",Plat dak bedekt met bitumineuze dakbedekking,5 kamers (4 slaapkamers),1 badkamer en 2 aparte toiletten,3 woonlagen,F,Aan rustige weg en in woonwijk,Achtertuin en voortuin,1.745
Warande 196,Schiedam,€ 725.000,170 m²,189 m²,1997,Bestaande bouw,"Herenhuis, tussenwoning (drive-in woning)",Plat dak bedekt met bitumineuze dakbedekking,6 kamers (4 slaapkamers),1 badkamer en 2 aparte toiletten,4 woonlagen,A,"Aan rustige weg, beschutte ligging, in centrum en in woonwijk","Achtertuin, voortuin en zonneterras",640
Oostmaasstraat 18,Rotterdam,€ 500.000,77 m²,130 m²,1901,Bestaande bouw,"Eengezinswoning, tussenwoning",Zadeldak bedekt met pannen,6 kamers (4 slaapkamers),2 badkamers en 1 apart toilet,3 woonlagen,C,"Aan rustige weg, in centrum en in woonwijk",Achtertuin,16.070
Frederik van Eedenplein 31,Heemstede,€ 1.250.000,252 m²,190 m²,1936,Bestaande bouw,"Villa, 2-onder-1-kapwoning",Schilddak bedekt met pannen,8 kamers (5 slaapkamers),1 badkamer en 2 aparte toiletten,3 woonlagen en een zolder,C,Aan rustige weg en in woonwijk,"Achtertuin, voortuin en zijtuin",2.185
Watermunt 13,Meppel,€ 625.000,523 m²,175 m²,2006,Bestaande bouw,"Eengezinswoning, vrijstaande woning",Schilddak bedekt met pannen,5 kamers (4 slaapkamers),1 badkamer en 1 apart toilet,2 woonlagen en een zolder,A,In woonwijk,"Achtertuin, voortuin en zijtuin",2.050
Dudokplantsoen 5,Bergschenhoek,€ 725.000,210 m²,139 m²,2013,Bestaande bouw,"Eengezinswoning, geschakelde 2-onder-1-kapwoning",Samengesteld dak bedekt met pannen,6 kamers (4 slaapkamers),2 badkamers en 1 apart toilet,3 woonlagen,A++,Aan rustige weg en in woonwijk,Achtertuin en voortuin,830
Da Costastraat 92,Putten,€ 445.000,283 m²,100 m²,1964,Bestaande bouw,"Eengezinswoning, hoekwoning",Zadeldak bedekt met pannen,4 kamers (2 slaapkamers),2 badkamers en 1 apart toilet,3 woonlagen,D,Aan rustige weg en in woonwijk,"Achtertuin, voortuin en zijtuin",6.280
Grensvaart 15,Breda,€ 300.000,160 m²,110 m²,1961,Bestaande bouw,"Eengezinswoning, tussenwoning",Zadeldak bedekt met pannen,5 kamers (4 slaapkamers),1 badkamer en 1 apart toilet,3 woonlagen,D,In woonwijk,Achtertuin en voortuin,4.305
Dominicushof 51,Vianen (UT),€ 425.000,206 m²,140 m²,1974,Bestaande bouw,"Eengezinswoning, hoekwoning",Zadeldak bedekt met pannen,5 kamers (4 slaapkamers),1 badkamer en 1 apart toilet,2 woonlagen en een zolder,D,In woonwijk en vrij uitzicht,"Achtertuin, voortuin en zijtuin",€ 3.027
Oosterwijk WZ 71,Nieuw-Dordrecht,€ 675.000,1.965 m²,249 m²,1999,Bestaande bouw,"Landhuis, vrijstaande woning",Samengesteld dak bedekt met pannen,5 kamers (4 slaapkamers),1 badkamer en 1 apart toilet,"2 woonlagen, een zolder en een kelder",A,"Aan rustige weg, aan water, landelijk gelegen en vrij uitzicht","Achtertuin, voortuin en zijtuin",425
Nieuwstraat 2,Helmond,€ 259.000,90 m²,122 m²,1960,Bestaande bouw,"Eengezinswoning, hoekwoning",Zadeldak bedekt met pannen,5 kamers (4 slaapkamers),1 badkamer en 1 apart toilet,3 woonlagen en een zolder,E,In woonwijk,Achtertuin,3.695
Azuurblauw 73,Zoetermeer,€ 395.000,119 m²,105 m²,1989,Bestaande bouw,"Eengezinswoning, tussenwoning",Dwarskap bedekt met pannen,5 kamers (4 slaapkamers),1 badkamer,3 woonlagen,B,In woonwijk,Achtertuin,12.510
Oostercluft 474,Steenwijk,€ 249.000,148 m²,100 m²,1978,Bestaande bouw,"Eengezinswoning, tussenwoning",Zadeldak bedekt met pannen,4 kamers (3 slaapkamers),1 badkamer en 1 apart toilet,3 woonlagen,C,"Aan rustige weg, beschutte ligging en in woonwijk",Achtertuin en voortuin,3.040
Oostercluft 474,Steenwijk,€ 249.000,148 m²,100 m²,1978,Bestaande bouw,"Eengezinswoning, tussenwoning",Zadeldak bedekt met pannen,4 kamers (3 slaapkamers),1 badkamer en 1 apart toilet,3 woonlagen,C,"Aan rustige weg, beschutte ligging en in woonwijk",Achtertuin en voortuin,3.040
Santgors 40,Zuid-Beijerland,€ 666.666,510 m²,179 m²,2004,Bestaande bouw,"Eengezinswoning, vrijstaande woning",Zadeldak bedekt met pannen,6 kamers (5 slaapkamers),1 badkamer en 1 apart toilet,3 woonlagen,B,"Aan rustige weg, aan water en in woonwijk",Tuin rondom,2.885
Zwarteweg 10 a,Noordwijk (ZH),€ 998.000,1.195 m²,152 m²,1974,Bestaande bouw,"Villa, vrijstaande woning",Zadeldak bedekt met pannen,4 kamers (3 slaapkamers),1 badkamer en 1 apart toilet,2 woonlagen,D,"Landelijk gelegen, open ligging en vrij uitzicht",Tuin rondom,
Burg. Gaarlandtstraat 4,Gorinchem,€ 330.000,182 m²,76 m²,1937,Bestaande bouw,"Eengezinswoning, hoekwoning",Zadeldak bedekt met pannen,3 kamers (2 slaapkamers),1 badkamer en 1 apart toilet,2 woonlagen en een zolder,D,Aan rustige weg en in woonwijk,"Achtertuin, voortuin en zijtuin",2.345
Cornelis Mertenssstraat 28,Utrecht,€ 465.000,96 m²,116 m²,1929,Bestaande bouw,"Eengezinswoning, tussenwoning",Zadeldak bedekt met pannen,6 kamers (5 slaapkamers),1 badkamer en 1 apart toilet,3 woonlagen,D,Aan rustige weg en in woonwijk,Achtertuin,2.925
Peperstraat 45,Gouda,€ 815.000,451 m²,221 m²,1706,Bestaande bouw,"Herenhuis, geschakelde woning",Zadeldak bedekt met pannen,5 kamers (4 slaapkamers),2 badkamers en 2 aparte toiletten,2 woonlagen en een kelder,Niet verplicht,"Aan rustige weg, beschutte ligging en in centrum",Achtertuin en zijtuin,1.510
Gouvernestraat 31,Tiel,€ 315.000,139 m²,98 m²,1998,Bestaande bouw,"Eengezinswoning, tussenwoning",Zadeldak bedekt met pannen,5 kamers (4 slaapkamers),1 badkamer en 1 apart toilet,3 woonlagen,C,Aan rustige weg en in woonwijk,Achtertuin en voortuin,2.600
Prozastraat 25,Gorinchem,€ 525.000,295 m²,143 m²,1996,Bestaande bouw,"Eengezinswoning, hoekwoning",Plat dak bedekt met bitumineuze dakbedekking,6 kamers (5 slaapkamers),1 badkamer en 1 apart toilet,3 woonlagen,B,Aan rustige weg en in woonwijk,"Achtertuin, voortuin en zijtuin",2.670
Van Leuffenpad 15,IJsselstein,€ 485.000,137 m²,139 m²,2000,Bestaande bouw,"Eengezinswoning, eindwoning",Plat dak bedekt met bitumineuze dakbedekking,4 kamers (3 slaapkamers),1 badkamer en 1 apart toilet,3 woonlagen,B,In centrum en in woonwijk,Patio/atrium,450
Van Boshuizenstraat 233,Amsterdam,€ 850.000,127 m²,161 m²,1962,Bestaande bouw,"Eengezinswoning, tussenwoning (drive-in woning)",Plat dak bedekt met bitumineuze dakbedekking,6 kamers (3 slaapkamers),2 badkamers en 2 aparte toiletten,3 woonlagen,E,In woonwijk,Achtertuin,8.105
Nieuwe Wei 12,Gapinge,€ 292.125 v.o.n.,142 m²,102 m²,2009,Bestaande bouw,"Eengezinswoning, tussenwoning",Zadeldak bedekt met pannen,4 kamers (3 slaapkamers),1 badkamer en 1 apart toilet,2 woonlagen en een zolder,A,Aan rustige weg en in woonwijk,Achtertuin en voortuin,375
Maasnielderweg 9,Roermond,€ 375.000,618 m²,140 m²,1910,Bestaande bouw,"Eengezinswoning, halfvrijstaande woning",Zadeldak bedekt met pannen,6 kamers (3 slaapkamers),1 badkamer en 1 apart toilet,3 woonlagen en een kelder,E,Beschutte ligging,Achtertuin,1.905
Prinses Beatrixstraat 20,Arkel,€ 299.500,152 m²,82 m²,1957,Bestaande bouw,"Eengezinswoning, tussenwoning",Zadeldak bedekt met pannen,4 kamers (3 slaapkamers),1 badkamer,2 woonlagen en een zolder,G,Aan rustige weg en in woonwijk,Achtertuin,2.805
Korte Hezeweg 1,Apeldoorn,€ 475.000,308 m²,110 m²,1928,Bestaande bouw,"Eengezinswoning, vrijstaande woning",Zadeldak bedekt met pannen,5 kamers (3 slaapkamers),1 badkamer en 2 aparte toiletten,2 woonlagen en een kelder,C,Aan rustige weg en in woonwijk,"Achtertuin, tuin rondom, voortuin en zijtuin",2.455
Marterweide 49,Nieuwegein,€ 550.000,289 m²,141 m²,1977,Bestaande bouw,"Eengezinswoning, 2-onder-1-kapwoning",Zadeldak bedekt met pannen,5 kamers (4 slaapkamers),1 badkamer en 1 apart toilet,3 woonlagen,D,"Aan rustige weg, in woonwijk en vrij uitzicht",Achtertuin en voortuin,€ 3.411
Wilgenbeemd 28,Assen,€ 269.000,165 m²,98 m²,1993,Bestaande bouw,"Eengezinswoning, tussenwoning",Zadeldak bedekt met pannen,5 kamers (4 slaapkamers),1 badkamer en 1 apart toilet,2 woonlagen en een zolder,B,Aan rustige weg en in woonwijk,Achtertuin en voortuin,800
Bachplein 14,Maarssen,€ 675.000,333 m²,160 m²,1971,Bestaande bouw,"Eengezinswoning, 2-onder-1-kapwoning",Zadeldak bedekt met pannen,6 kamers (5 slaapkamers),1 badkamer en 1 apart toilet,3 woonlagen,D,In woonwijk,"Achtertuin, voortuin en zijtuin",905
Dr. Colijnstraat 3,Veenendaal,€ 485.000,280 m²,131 m²,1939,Bestaande bouw,"Eengezinswoning, 2-onder-1-kapwoning",Zadeldak bedekt met pannen,5 kamers (4 slaapkamers),1 badkamer en 2 aparte toiletten,3 woonlagen,C,"Aan rustige weg, in woonwijk en vrij uitzicht","Achtertuin, voortuin en zijtuin",6.020
Voorburgstraat 1,Loenersloot,€ 450.000,222 m²,100 m²,1955,Bestaande bouw,"Eengezinswoning, 2-onder-1-kapwoning",Zadeldak bedekt met pannen,3 kamers (2 slaapkamers),1 badkamer en 1 apart toilet,2 woonlagen en een zolder,D,Aan rustige weg en in woonwijk,"Achtertuin, voortuin en zijtuin",315
Roodkapje 2,Eindhoven,€ 425.000,203 m²,121 m²,1994,Bestaande bouw,"Eengezinswoning, hoekwoning",Lessenaardak bedekt met pannen,5 kamers (3 slaapkamers),1 badkamer en 1 apart toilet,3 woonlagen,C,In woonwijk,"Achtertuin, voortuin en zijtuin",7.235
Papenstraat 15,Deventer,€ 825.000,166 m²,218 m²,1650,Bestaande bouw,"Herenhuis, geschakelde woning",Samengesteld dak bedekt met pannen,7 kamers (4 slaapkamers),2 badkamers en 1 apart toilet,3 woonlagen en een kelder,G,"Aan rustige weg, in centrum en in woonwijk",Achtertuin en zonneterras,825
De Vlashoven 18,Noordwijkerhout,€ 798.000,624 m²,121 m²,1967,Bestaande bouw,"Eengezinswoning, vrijstaande woning",Zadeldak bedekt met pannen,5 kamers (4 slaapkamers),1 badkamer en 1 apart toilet,2 woonlagen en een vliering,C,In woonwijk,Tuin rondom,
Murraystraat 21,Pernis Rotterdam,€ 270.000,157 m²,75 m²,1916,Bestaande bouw,"Eengezinswoning, tussenwoning",Samengesteld dak bedekt met pannen,4 kamers (2 slaapkamers),1 badkamer en 1 apart toilet,2 woonlagen,B,"Aan rustige weg, beschutte ligging en in woonwijk",Achtertuin en voortuin,4.880
Overtonweg 18,Haarlem,€ 750.000,133 m²,140 m²,1920,Bestaande bouw,"Eengezinswoning, tussenwoning",Plat dak,5 kamers (4 slaapkamers),2 badkamers en 1 apart toilet,3 woonlagen,C,Aan rustige weg en in woonwijk,Achtertuin en voortuin,1.885
Chopinstraat 9,Groenlo,€ 435.000,431 m²,160 m²,1971,Bestaande bouw,"Eengezinswoning, vrijstaande woning",Zadeldak bedekt met pannen,6 kamers (4 slaapkamers),1 badkamer en 1 apart toilet,3 woonlagen,C,Aan rustige weg en in woonwijk,Achtertuin en voortuin,315
Bourgondischelaan 23,Amstelveen,€ 985.000,145 m²,143 m²,1959,Bestaande bouw,"Bungalow, geschakelde woning",Plat dak bedekt met bitumineuze dakbedekking,6 kamers (5 slaapkamers),2 badkamers,2 woonlagen,C,"Aan park, aan rustige weg, beschutte ligging, in woonwijk en vrij uitzicht",Achtertuin,3.735
Duval Slothouwerstraat 50,Doetinchem,€ 275.000,158 m²,105 m²,1971,Bestaande bouw,"Eengezinswoning, hoekwoning",Zadeldak bedekt met pannen,5 kamers (4 slaapkamers),1 badkamer en 1 apart toilet,2 woonlagen en een zolder,C,In woonwijk,Achtertuin en voortuin,2.475
Dokter Hiemstralaan 108,Gorinchem,€ 350.000,217 m²,117 m²,1975,Bestaande bouw,"Eengezinswoning, tussenwoning",Zadeldak bedekt met pannen,5 kamers (4 slaapkamers),1 badkamer en 1 apart toilet,3 woonlagen,B,Aan rustige weg en in woonwijk,Achtertuin en voortuin,3.050
de Bergkamp 6,Overloon,€ 550.000,593 m²,157 m²,1972,Bestaande bouw,"Eengezinswoning, vrijstaande woning (split-level woning)",Zadeldak bedekt met asbest en pannen,7 kamers (5 slaapkamers),1 badkamer,3 woonlagen,E,"Aan rustige weg, in bosrijke omgeving en in woonwijk",Achtertuin en voortuin,2.705
Dijkstraat 43,Brielle,€ 479.000,103 m²,133 m²,1993,Bestaande bouw,"Eengezinswoning, tussenwoning",Zadeldak bedekt met pannen,5 kamers (4 slaapkamers),1 badkamer en 1 apart toilet,3 woonlagen en een zolder,B,"Aan rustige weg, in centrum en in woonwijk",Achtertuin,2.980
Langestraat 10,Braamt,€ 465.000,648 m²,185 m²,1905,Bestaande bouw,"Eengezinswoning, vrijstaande woning",Mansarde dak bedekt met pannen,5 kamers (4 slaapkamers),1 badkamer en 2 aparte toiletten,2 woonlagen en een kelder,G,In centrum,Tuin rondom,675
Baak van Terneuzen 35,Amersfoort,€ 619.000,116 m²,139 m²,2019,Bestaande bouw,"Eengezinswoning, 2-onder-1-kapwoning",Zadeldak bedekt met pannen,4 kamers (3 slaapkamers),1 badkamer en 1 apart toilet,3 woonlagen,A,Aan rustige weg en in woonwijk,Achtertuin,€ 4.077
Duivenvoorde 38,Amstelveen,€ 695.000,135 m²,137 m²,2012,Bestaande bouw,"Eengezinswoning, tussenwoning",Zadeldak bedekt met pannen,4 kamers (3 slaapkamers),1 badkamer en 1 apart toilet,3 woonlagen en een vliering,A,In woonwijk,Achtertuin en voortuin,3.020
Kruizemuntstraat 53,Apeldoorn,€ 300.000,167 m²,120 m²,1970,Bestaande bouw,"Eengezinswoning, tussenwoning",Zadeldak bedekt met pannen,5 kamers (4 slaapkamers),1 badkamer en 1 apart toilet,3 woonlagen,B,In woonwijk en vrij uitzicht,Achtertuin en voortuin,3.255
Kayersdijk 88,Apeldoorn,€ 315.000,249 m²,84 m²,1968,Bestaande bouw,"Eengezinswoning, 2-onder-1-kapwoning",Zadeldak bedekt met pannen,4 kamers (3 slaapkamers),1 badkamer en 1 apart toilet,2 woonlagen en een vliering,D,In woonwijk,Achtertuin en voortuin,3.060
Ilpendamstraat 12,Zaandam,€ 470.000,128 m²,139 m²,1985,Bestaande bouw,"Eengezinswoning, tussenwoning",Zadeldak bedekt met pannen,4 kamers (3 slaapkamers),1 badkamer,3 woonlagen,A,Aan rustige weg en vrij uitzicht,Achtertuin,8.965
Laan van Broekpolder 126,Beverwijk,€ 400.000,93 m²,107 m²,2002,Bestaande bouw,"Eengezinswoning, hoekwoning",Lessenaardak,4 kamers (3 slaapkamers),1 badkamer en 1 apart toilet,3 woonlagen,A,In woonwijk en vrij uitzicht,Achtertuin,2.620
Valklaan 12,Eindhoven,€ 799.000,332 m²,167 m²,1920,Bestaande bouw,"Herenhuis, hoekwoning",Samengesteld dak bedekt met pannen,5 kamers (4 slaapkamers),2 badkamers en 1 apart toilet,3 woonlagen,F,"Aan rustige weg, in centrum en in woonwijk","Achtertuin, voortuin en zijtuin",2.255
Vliervlinder 2,Diemen,€ 650.000,131 m²,121 m²,1994,Bestaande bouw,"Eengezinswoning, hoekwoning",Samengesteld dak bedekt met bitumineuze dakbedekking en pannen,5 kamers (4 slaapkamers),1 badkamer en 1 apart toilet,3 woonlagen,B,In woonwijk,Achtertuin en voortuin,1.400
Joke Smitlaan 116,Voorschoten,€ 450.000,120 m²,94 m²,1985,Bestaande bouw,"Eengezinswoning, tussenwoning",Zadeldak bedekt met pannen,5 kamers (4 slaapkamers),1 badkamer en 1 apart toilet,3 woonlagen,B,In woonwijk,Achtertuin en voortuin,5.625
Haagdoornstraat 48,Arnhem,€ 275.000,118 m²,78 m²,1940,Bestaande bouw,"Eengezinswoning, tussenwoning",Zadeldak bedekt met pannen,4 kamers (3 slaapkamers),1 badkamer en 1 apart toilet,2 woonlagen en een zolder,C,Aan rustige weg en beschutte ligging,Achtertuin en voortuin,4.460
Laan van Mariëndael 4,Sint-Oedenrode,€ 489.000,219 m²,146 m²,1959,Bestaande bouw,"Eengezinswoning, 2-onder-1-kapwoning",Zadeldak bedekt met pannen,7 kamers (5 slaapkamers),1 badkamer en 1 apart toilet,2 woonlagen en een zolder,E,Aan rustige weg en in woonwijk,Achtertuin en voortuin,2.080
Regimentslaan 32,Zuidlaren,€ 395.000,235 m²,122 m²,1997,Bestaande bouw,"Eengezinswoning, 2-onder-1-kapwoning (drive-in woning)",Plat dak bedekt met bitumineuze dakbedekking,4 kamers (3 slaapkamers),2 badkamers en 1 apart toilet,3 woonlagen,A,In woonwijk en vrij uitzicht,Achtertuin,4.045
Vlaanderenlaan 47,Nunspeet,€ 499.000,272 m²,157 m²,1971,Bestaande bouw,"Eengezinswoning, hoekwoning",Zadeldak bedekt met pannen,6 kamers (5 slaapkamers),1 badkamer en 1 apart toilet,4 woonlagen,C,"In bosrijke omgeving, in woonwijk en vrij uitzicht",Achtertuin en voortuin,9.095
Laan van Koot 1,Wassenaar,€ 1.145.000,422 m²,144 m²,1934,Bestaande bouw,"Villa, vrijstaande woning",Samengesteld dak bedekt met pannen,5 kamers (3 slaapkamers),2 badkamers en 2 aparte toiletten,"2 woonlagen, een vliering en een kelder",D,Aan rustige weg en in woonwijk,Tuin rondom,515
Finsterwoldepad 76,Arnhem,€ 290.000,165 m²,130 m²,1972,Bestaande bouw,"Eengezinswoning, eindwoning",Zadeldak bedekt met pannen,5 kamers (4 slaapkamers),1 badkamer en 1 apart toilet,3 woonlagen,D,"Aan rustige weg, in woonwijk en vrij uitzicht",Achtertuin en voortuin,4.590
Kolibrievlinder 13,Utrecht,€ 550.000,135 m²,136 m²,2009,Bestaande bouw,"Eengezinswoning, eindwoning",Zadeldak bedekt met pannen,6 kamers (5 slaapkamers),1 badkamer en 1 apart toilet,3 woonlagen,A,"Aan rustige weg, beschutte ligging en in woonwijk",Achtertuin en voortuin,1.745
Purmerland 81 A,Purmerland,€ 985.000,935 m²,234 m²,2008,Bestaande bouw,"Woonboerderij, 2-onder-1-kapwoning",Tentdak bedekt met pannen,5 kamers (3 slaapkamers),2 badkamers en 2 aparte toiletten,3 woonlagen,A,Aan water en vrij uitzicht,"Achtertuin, voortuin en zijtuin",
Hofhooistraat 14,Dreumel,€ 367.500,220 m²,112 m²,1970,Bestaande bouw,"Eengezinswoning, halfvrijstaande woning",Zadeldak bedekt met pannen,4 kamers (3 slaapkamers),1 badkamer en 2 aparte toiletten,3 woonlagen,A,Beschutte ligging en in woonwijk,"Achtertuin, voortuin en zijtuin",2.610
Hagenweg 4,Beekbergen,€ 700.000,594 m²,176 m²,1980,Bestaande bouw,"Eengezinswoning, vrijstaande woning",Zadeldak bedekt met pannen,7 kamers (5 slaapkamers),1 badkamer en 3 aparte toiletten,"4 woonlagen, een vliering en een kelder",C,In woonwijk,Tuin rondom,2.535
Regenwulpstraat 4,Zierikzee,€ 625.000,566 m²,225 m²,2020,Bestaande bouw,"Villa, vrijstaande woning",Zadeldak bedekt met pannen,7 kamers (5 slaapkamers),2 badkamers,2 woonlagen en een vliering,A+++,In woonwijk,Tuin rondom,4.640
Stationsstraat 83,Elsloo (LI),€ 149.000,40 m²,80 m²,1980,Bestaande bouw,"Eengezinswoning, tussenwoning",Zadeldak bedekt met pannen,5 kamers (2 slaapkamers),1 badkamer en 1 apart toilet,2 woonlagen en een zolder,B,In centrum en in woonwijk,,7.020
Burgemeester Nieuwenhuijsenstraat 54,Limmen,€ 550.000,423 m²,125 m²,1984,Bestaande bouw,"Eengezinswoning, 2-onder-1-kapwoning",Dwarskap bedekt met pannen,4 kamers (3 slaapkamers),1 badkamer en 1 apart toilet,3 woonlagen,C,Aan rustige weg,Achtertuin en voortuin,2.700
Kalmoes 11,Berlicum,€ 595.000,250 m²,167 m²,2017,Bestaande bouw,"Eengezinswoning, geschakelde 2-onder-1-kapwoning",Schilddak bedekt met pannen,7 kamers (4 slaapkamers),1 badkamer,2 woonlagen en een zolder,A,,Achtertuin en voortuin,2.265
Smidstraat 16,Ederveen,€ 650.000,340 m²,133 m²,1989,Bestaande bouw,"Eengezinswoning, 2-onder-1-kapwoning",Dwarskap bedekt met pannen,5 kamers (4 slaapkamers),1 badkamer en 1 apart toilet,3 woonlagen,C,"Aan rustige weg, in woonwijk, open ligging en vrij uitzicht",Tuin rondom,2.275
Hegdambroek 1509,Nijmegen,€ 298.000,148 m²,103 m²,1983,Bestaande bouw,"Eengezinswoning, tussenwoning",Zadeldak bedekt met pannen,5 kamers (4 slaapkamers),1 badkamer en 1 apart toilet,3 woonlagen,C,Aan rustige weg en in woonwijk,Achtertuin en voortuin,3.780
Thorbeckelaan 6,Etten-Leur,€ 459.000,250 m²,126 m²,1993,Bestaande bouw,"Eengezinswoning, tussenwoning (split-level woning)",Plat dak bedekt met kunststof,4 kamers (3 slaapkamers),1 badkamer en 2 aparte toiletten,2 woonlagen en een kelder,B,"Aan park, in woonwijk en vrij uitzicht",Achtertuin en voortuin,1.915
Saltshof 2034,Wijchen,€ 375.000,235 m²,107 m²,1992,Bestaande bouw,"Eengezinswoning, hoekwoning",Zadeldak bedekt met pannen,4 kamers (3 slaapkamers),1 badkamer en 1 apart toilet,3 woonlagen,A,In woonwijk,Achtertuin en voortuin,2.135
Ambachtstraat 62,Hillegom,€ 419.000,151 m²,101 m²,1931,Bestaande bouw,"Eengezinswoning, tussenwoning",Zadeldak bedekt met pannen,6 kamers (4 slaapkamers),1 badkamer en 1 apart toilet,3 woonlagen,E,"Aan rustige weg, in centrum en in woonwijk",Achtertuin en voortuin,1.865
De Lipizzaner 26,Dronten,€ 389.500,299 m²,127 m²,1991,Bestaande bouw,"Eengezinswoning, 2-onder-1-kapwoning",Zadeldak bedekt met pannen,4 kamers (3 slaapkamers),1 badkamer en 1 apart toilet,2 woonlagen en een vliering,B,"Aan rustige weg, beschutte ligging, in bosrijke omgeving, in woonwijk en vrij uitzicht",Achtertuin en voortuin,2.025
Marconihof 15,Beverwijk,€ 495.000,224 m²,121 m²,1972,Bestaande bouw,"Eengezinswoning, hoekwoning",Zadeldak bedekt met pannen,5 kamers (4 slaapkamers),1 badkamer en 1 apart toilet,3 woonlagen,D,Aan rustige weg en in woonwijk,"Achtertuin, voortuin en zijtuin",1.085
Mandenmakerstraat 1,Purmerend,€ 325.000,159 m²,114 m²,1983,Bestaande bouw,"Eengezinswoning, hoekwoning",Dwarskap bedekt met pannen,4 kamers (3 slaapkamers),1 badkamer en 1 apart toilet,3 woonlagen,B,In woonwijk,Achtertuin en voortuin,4.310
Anjelierstraat 19,Leeuwarden,€ 217.500,142 m²,112 m²,1928,Bestaande bouw,"Eengezinswoning, hoekwoning",Samengesteld dak bedekt met bitumineuze dakbedekking en pannen,6 kamers (4 slaapkamers),2 badkamers,2 woonlagen,G,Aan rustige weg en in woonwijk,Voortuin en zijtuin,€ 2.233
Kandelaarweg 91,Rotterdam,€ 400.000,51 m²,64 m²,1870,Bestaande bouw,"Eengezinswoning, geschakelde woning",Zadeldak bedekt met pannen,3 kamers (1 slaapkamer),1 badkamer,1 woonlaag en een zolder,G,Landelijk gelegen,,65
Dr. J.J.P. Oudsingel 60,Rotterdam,€ 399.000,140 m²,111 m²,1965,Bestaande bouw,"Eengezinswoning, tussenwoning",Zadeldak bedekt met pannen,5 kamers (4 slaapkamers),1 badkamer en 1 apart toilet,3 woonlagen,C,In woonwijk,Achtertuin en voortuin,10.995
Gladiolenlaan 7,Bennebroek,€ 500.000,127 m²,94 m²,1960,Bestaande bouw,"Eengezinswoning, tussenwoning",Zadeldak,4 kamers (3 slaapkamers),2 badkamers en 1 apart toilet,3 woonlagen,G,In woonwijk,Achtertuin en voortuin,1.050
Boshuysenstraat 26,Katwijk (ZH),€ 385.000,105 m²,116 m²,1964,Bestaande bouw,"Eengezinswoning, tussenwoning",Zadeldak bedekt met pannen,5 kamers (4 slaapkamers),1 badkamer en 2 aparte toiletten,2 woonlagen en een zolder,D,"Aan rustige weg, beschutte ligging en in woonwijk",Achtertuin en voortuin,2.120
Schoolstraat 6,Vrouwenpolder,€ 999.000,666 m²,195 m²,2006,Bestaande bouw,"Eengezinswoning, vrijstaande woning",Zadeldak bedekt met pannen,4 kamers (3 slaapkamers),2 badkamers en 2 aparte toiletten,2 woonlagen en een zolder,B,In centrum,Achtertuin en zijtuin,760
Schoollaan 5,Limmen,€ 1.200.000,1.754 m²,289 m²,1969,Bestaande bouw,"Eengezinswoning, vrijstaande woning",Dwarskap bedekt met pannen,6 kamers (5 slaapkamers),1 badkamer en 1 apart toilet,3 woonlagen,C,"Aan rustige weg, landelijk gelegen en vrij uitzicht","Achtertuin, tuin rondom en voortuin",2.100
Banakkerstraat 48,Etten-Leur,€ 285.000,205 m²,103 m²,1960,Bestaande bouw,"Eengezinswoning, tussenwoning",Plat dak,4 kamers (3 slaapkamers),1 badkamer en 1 apart toilet,2 woonlagen,E,In woonwijk,Achtertuin en voortuin,825
Vinkenlaan 37,Noordwijk (ZH),€ 849.000,225 m²,176 m²,1930,Bestaande bouw,"Eengezinswoning, vrijstaande woning",Zadeldak bedekt met pannen,8 kamers (5 slaapkamers),2 badkamers en 2 aparte toiletten,2 woonlagen en een zolder,E,In centrum en in woonwijk,Tuin rondom,€ 4.022
Bruggertstraat 263,Enschede,€ 250.000,235 m²,115 m²,1936,Bestaande bouw,"Eengezinswoning, tussenwoning",Zadeldak bedekt met pannen,5 kamers (4 slaapkamers),1 badkamer en 1 apart toilet,3 woonlagen,D,"Aan rustige weg, in woonwijk en vrij uitzicht",Achtertuin en voortuin,1.635
Engelsbergenstraat 79,Eindhoven,€ 1.050.000,467 m²,204 m²,1989,Bestaande bouw,"Eengezinswoning, vrijstaande woning",Zadeldak bedekt met pannen,6 kamers (5 slaapkamers),1 badkamer en 1 apart toilet,3 woonlagen,C,Aan rustige weg en in woonwijk,Tuin rondom,630
Douzastraat 24,Noordwijk (ZH),€ 425.000,76 m²,78 m²,1900,Bestaande bouw,"Eengezinswoning, 2-onder-1-kapwoning",Zadeldak bedekt met pannen,4 kamers (3 slaapkamers),1 badkamer en 1 apart toilet,2 woonlagen,D,"Aan rustige weg, in centrum en in woonwijk",Achtertuin,€ 4.481
Borgersstraat 2,Duiven,€ 695.000,573 m²,217 m²,2012,Bestaande bouw,"Eengezinswoning, vrijstaande woning",Zadeldak bedekt met bitumineuze dakbedekking en pannen,5 kamers (4 slaapkamers),1 badkamer en 1 apart toilet,2 woonlagen en een vliering,A,"Aan rustige weg, in woonwijk en open ligging",Tuin rondom,910
Kennemerstraatweg 328,Heiloo,€ 895.000,545 m²,187 m²,Voor 1906,Bestaande bouw,"Villa, vrijstaande woning",Zadeldak bedekt met bitumineuze dakbedekking en pannen,6 kamers (5 slaapkamers),1 badkamer en 2 aparte toiletten,3 woonlagen,G,"Aan drukke weg, in bosrijke omgeving, in centrum, in woonwijk en vrij uitzicht","Achtertuin, voortuin en zijtuin",2.380
Tulastraat 11,Rotterdam,€ 675.000,111 m²,159 m²,2022,Bestaande bouw,"Eengezinswoning, tussenwoning",Plat dak,6 kamers (4 slaapkamers),2 badkamers en 2 aparte toiletten,4 woonlagen,A+++,"Aan bosrand, aan park en in centrum",Achtertuin,1.280
Boekweitstrjitte 68,Harkema,€ 250.000,262 m²,140 m²,1971,Bestaande bouw,"Eengezinswoning, hoekwoning",Zadeldak bedekt met pannen,5 kamers (4 slaapkamers),1 badkamer en 2 aparte toiletten,3 woonlagen,C,Aan rustige weg,Achtertuin en voortuin,4.025
Grensstraat 31,Beverwijk,€ 250.000,50 m²,78 m²,1928,Bestaande bouw,"Eengezinswoning, hoekwoning",Plat dak,3 kamers (2 slaapkamers),1 badkamer,2 woonlagen,G,In woonwijk,Zonneterras,1.035
Bilderdijkstraat 12,Zwolle,€ 375.000,122 m²,89 m²,1963,Bestaande bouw,"Eengezinswoning, tussenwoning",Zadeldak bedekt met pannen,5 kamers (4 slaapkamers),1 badkamer en 1 apart toilet,3 woonlagen,E,Aan rustige weg en in woonwijk,Achtertuin en voortuin,3.065
Korte Bergweg 37,Huis ter Heide (UT),€ 895.000,391 m²,168 m²,1994,Bestaande bouw,"Eengezinswoning, geschakelde woning",Zadeldak bedekt met pannen,7 kamers (6 slaapkamers),1 badkamer en 1 apart toilet,3 woonlagen,B,"Aan rustige weg, in bosrijke omgeving en in woonwijk",Achtertuin en voortuin,665
Dr Berlagelaan 15 m,Eindhoven,€ 375.000,137 m²,114 m²,1991,Bestaande bouw,"Eengezinswoning, tussenwoning",Zadeldak bedekt met pannen,5 kamers (4 slaapkamers),1 badkamer en 1 apart toilet,3 woonlagen,A,In woonwijk,Achtertuin en voortuin,4.175
Vivaldihof 26,Aalsmeer,€ 360.000,101 m²,69 m²,1968,Bestaande bouw,"Eengezinswoning, hoekwoning",Zadeldak bedekt met pannen,4 kamers (3 slaapkamers),1 badkamer,3 woonlagen,D,"Aan park, aan rustige weg en in woonwijk",Achtertuin,2.540
Laan van Zuidbroek 89,Apeldoorn,€ 950.000,541 m²,194 m²,2017,Bestaande bouw,"Eengezinswoning, vrijstaande woning (split-level woning)",Plat dak bedekt met bitumineuze dakbedekking,7 kamers (5 slaapkamers),1 badkamer en 1 apart toilet,2 woonlagen en een zolder,A,In woonwijk en vrij uitzicht,Tuin rondom,5.645
Florastraat 34,Boven-Leeuwen,€ 675.000,800 m²,271 m²,1978,Bestaande bouw,"Eengezinswoning, vrijstaande woning",Mansarde dak bedekt met pannen,7 kamers (4 slaapkamers),1 badkamer en 1 apart toilet,2 woonlagen,C,Aan rustige weg,Achtertuin,1.530
Vrachelsestraat 36,Den Hout,€ 925.000,2.225 m²,204 m²,1875,Bestaande bouw,"Woonboerderij, vrijstaande woning",Zadeldak bedekt met pannen,5 kamers (4 slaapkamers),1 badkamer en 2 aparte toiletten,2 woonlagen en een zolder,D,"Aan rustige weg, open ligging en vrij uitzicht",Tuin rondom,1.050
Blauwe Hoek 60 c,Doornenburg,€ 650.000,1.280 m²,132 m²,1981,Bestaande bouw,"Bungalow, vrijstaande woning",Zadeldak bedekt met bitumineuze dakbedekking en metaal,7 kamers (4 slaapkamers),1 badkamer en 1 apart toilet,1 woonlaag,C,Aan rustige weg en landelijk gelegen,Tuin rondom,2.080
Baarsveen 215,Spijkenisse,€ 289.900,116 m²,110 m²,1975,Bestaande bouw,"Eengezinswoning, eindwoning",Zadeldak bedekt met pannen,5 kamers (4 slaapkamers),1 badkamer en 1 apart toilet,3 woonlagen,C,In woonwijk,Achtertuin en voortuin,1.040
Stoofdijk 9,Dinteloord,€ 325.000,385 m²,120 m²,1945,Bestaande bouw,"Eengezinswoning, halfvrijstaande woning (dijkwoning)",Zadeldak bedekt met pannen,5 kamers (3 slaapkamers),1 badkamer en 1 apart toilet,2 woonlagen en een kelder,D,Aan rustige weg en in woonwijk,Achtertuin en zijtuin,5.270
Beerze 72,Wijk bij Duurstede,€ 389.000,232 m²,113 m²,1982,Bestaande bouw,"Eengezinswoning, hoekwoning",Zadeldak bedekt met pannen,6 kamers (5 slaapkamers),1 badkamer en 1 apart toilet,2 woonlagen en een zolder met vliering,C,Aan rustige weg en in woonwijk,Achtertuin en voortuin,1.565
Cauwelaerseweg 23,Ulvenhout (Gem. Alphen-Chaam),€ 1.200.000,3.477 m²,186 m²,1960,Bestaande bouw,"Villa, vrijstaande woning",Zadeldak bedekt met pannen,3 kamers (2 slaapkamers),1 badkamer en 2 aparte toiletten,2 woonlagen en een kelder,B,Aan rustige weg,Tuin rondom,
Schippersdonk 8,Breda,€ 300.000,184 m²,99 m²,1981,Bestaande bouw,"Eengezinswoning, tussenwoning",Samengesteld dak bedekt met pannen,3 kamers (2 slaapkamers),1 badkamer en 1 apart toilet,2 woonlagen,C,,Achtertuin en voortuin,4.730
Straussstraat 16,Lichtenvoorde,€ 269.000,223 m²,140 m²,1985,Bestaande bouw,"Eengezinswoning, eindwoning",Zadeldak bedekt met pannen,5 kamers (4 slaapkamers),2 badkamers en 2 aparte toiletten,2 woonlagen en een zolder,C,Aan rustige weg en in woonwijk,Achtertuin en voortuin,780
Eeuwig Licht 95,Eindhoven,€ 599.000,527 m²,128 m²,1994,Bestaande bouw,"Bungalow, 2-onder-1-kapwoning",Plat dak bedekt met bitumineuze dakbedekking,4 kamers (3 slaapkamers),1 badkamer en 1 apart toilet,1 woonlaag,B,Aan rustige weg en in woonwijk,"Achtertuin, voortuin en zijtuin",7.235
Vogelkersgaarde 2,Gouda,€ 779.000,420 m²,170 m²,1997,Bestaande bouw,"Eengezinswoning, halfvrijstaande woning",Tentdak bedekt met pannen,6 kamers (4 slaapkamers),1 badkamer en 2 aparte toiletten,2 woonlagen en een zolder,B,"Aan rustige weg, aan water, beschutte ligging en in woonwijk","Achtertuin, voortuin en zijtuin",710
Lindenlaan 31,Lisse,€ 450.000,158 m²,104 m²,1977,Bestaande bouw,"Eengezinswoning, hoekwoning",Zadeldak bedekt met pannen,5 kamers (4 slaapkamers),1 badkamer en 1 apart toilet,3 woonlagen,C,Aan rustige weg en in woonwijk,Achtertuin en voortuin,1.510
Nijverheidslaan 6,Musselkanaal,€ 345.000,536 m²,142 m²,1970,Bestaande bouw,"Eengezinswoning, vrijstaande woning",Zadeldak bedekt met pannen,5 kamers (4 slaapkamers),1 badkamer en 1 apart toilet,3 woonlagen en een kelder,D,Aan rustige weg en in woonwijk,"Achtertuin, voortuin en zijtuin",1.185
Onder de Linden 42,Zevenaar,€ 279.000,160 m²,125 m²,1973,Bestaande bouw,"Eengezinswoning, tussenwoning",Zadeldak bedekt met pannen,5 kamers (4 slaapkamers),1 badkamer en 2 aparte toiletten,3 woonlagen,C,Aan rustige weg en in woonwijk,Achtertuin en voortuin,1.580
Sittardstraat 35,Arnhem,€ 275.000,161 m²,109 m²,1982,Bestaande bouw,"Eengezinswoning, tussenwoning",Zadeldak bedekt met pannen,5 kamers (4 slaapkamers),1 badkamer en 1 apart toilet,3 woonlagen,B,"Aan rustige weg, beschutte ligging en in woonwijk",Achtertuin en voortuin,6.170
Kluinweideweg 1,Vaassen,€ 1.000.000,19.812 m²,155 m²,1908,Bestaande bouw,"Woonboerderij, vrijstaande woning",Samengesteld dak bedekt met riet,5 kamers (3 slaapkamers),2 badkamers en 1 apart toilet,2 woonlagen en een kelder,A,"Aan rustige weg, buiten bebouwde kom, landelijk gelegen, open ligging en vrij uitzicht",Tuin rondom,1.690
Sportlaan 40,Werkendam,€ 490.000,596 m²,159 m²,1974,Bestaande bouw,"Eengezinswoning, 2-onder-1-kapwoning",Zadeldak bedekt met pannen,5 kamers (4 slaapkamers),1 badkamer en 1 apart toilet,3 woonlagen,C,"Aan drukke weg, in woonwijk en vrij uitzicht",Tuin rondom,2.615
Schapendrift 3 a,Norg,€ 1.095.000,975 m²,203 m²,2006,Bestaande bouw,"Bungalow, vrijstaande woning",Plat dak bedekt met bitumineuze dakbedekking,6 kamers (3 slaapkamers),2 badkamers en 1 apart toilet,1 woonlaag en een kelder,A,"Aan rustige weg, in woonwijk en vrij uitzicht","Achtertuin, voortuin, zijtuin en zonneterras",3.310
Gestelsestraat 129,Eindhoven,€ 550.000,176 m²,130 m²,1955,Bestaande bouw,"Eengezinswoning, tussenwoning",Zadeldak bedekt met pannen,6 kamers (4 slaapkamers),2 badkamers en 2 aparte toiletten,3 woonlagen en een vliering,D,In bosrijke omgeving en in woonwijk,Achtertuin en voortuin,3.580
Willem de Rijkelaan 41,Vught,€ 600.000,124 m²,117 m²,2015,Bestaande bouw,"Eengezinswoning, hoekwoning",Zadeldak bedekt met pannen,6 kamers (5 slaapkamers),1 badkamer en 1 apart toilet,3 woonlagen,A,"Aan bosrand, aan park, aan rustige weg, in bosrijke omgeving en in woonwijk",Achtertuin en voortuin,1.190
Lijsterbeslaan 25,Hillegom,€ 395.000,110 m²,109 m²,1997,Bestaande bouw,"Eengezinswoning, tussenwoning",Zadeldak bedekt met pannen,5 kamers (4 slaapkamers),1 badkamer en 1 apart toilet,3 woonlagen,B,Aan rustige weg en in woonwijk,Achtertuin en voortuin,910
De Koolmees 17,Vriezenveen,€ 375.000,309 m²,149 m²,1978,Bestaande bouw,"Eengezinswoning, 2-onder-1-kapwoning",Zadeldak bedekt met pannen,5 kamers (4 slaapkamers),1 badkamer en 1 apart toilet,3 woonlagen,D,Aan rustige weg en vrij uitzicht,Achtertuin en voortuin,€ 2.326
Flamingostraat 15,Wijchen,€ 307.500,149 m²,111 m²,1964,Bestaande bouw,"Eengezinswoning, tussenwoning",Zadeldak bedekt met pannen,4 kamers (3 slaapkamers),1 badkamer en 1 apart toilet,3 woonlagen,C,Aan rustige weg en in woonwijk,Achtertuin en voortuin,4.295
Saturnusstraat 41,Sint Nicolaasga,€ 239.000,162 m²,90 m²,1974,Bestaande bouw,"Eengezinswoning, tussenwoning",Zadeldak bedekt met pannen,4 kamers (3 slaapkamers),1 badkamer en 1 apart toilet,2 woonlagen en een zolder,C,Aan rustige weg en in woonwijk,Achtertuin en voortuin,3.345
Klipperstraat 39,Zaandam,€ 449.000,117 m²,117 m²,1969,Bestaande bouw,"Eengezinswoning, eindwoning",Zadeldak bedekt met pannen,5 kamers (4 slaapkamers),1 badkamer en 1 apart toilet,3 woonlagen,D,Aan rustige weg en in woonwijk,Achtertuin en voortuin,5.875
Julianaweg 5,Wassenaar,€ 2.475.000,1.590 m²,306 m²,1949,Bestaande bouw,"Villa, vrijstaande woning",Zadeldak bedekt met pannen,9 kamers (6 slaapkamers),3 badkamers en 3 aparte toiletten,3 woonlagen en een kelder,A,Aan rustige weg en in woonwijk,Tuin rondom,1.340
Rundezoom 21,Ter Apel,€ 677.000,852 m²,160 m²,2001,Bestaande bouw,"Villa, vrijstaande woning",Samengesteld dak bedekt met pannen,5 kamers (4 slaapkamers),1 badkamer en 1 apart toilet,2 woonlagen,B,"Aan rustige weg, aan vaarwater, in woonwijk en vrij uitzicht",Tuin rondom,3.945
Hofmuur 13,Houten,€ 475.000,141 m²,106 m²,2004,Bestaande bouw,"Eengezinswoning, hoekwoning",Zadeldak bedekt met pannen,4 kamers (3 slaapkamers),1 badkamer en 1 apart toilet,3 woonlagen,A,Aan rustige weg en in woonwijk,Achtertuin,2.145
Marterstraat 10,Bergen (LI),€ 239.000,230 m²,101 m²,1983,Bestaande bouw,"Eengezinswoning, hoekwoning",Zadeldak bedekt met pannen,5 kamers (3 slaapkamers),1 badkamer en 1 apart toilet,3 woonlagen,C,"Aan bosrand, aan rustige weg, in bosrijke omgeving en in woonwijk","Achtertuin, voortuin en zijtuin",4.345
Salamanderweide 22,Pijnacker,€ 535.000,127 m²,133 m²,2015,Bestaande bouw,"Eengezinswoning, tussenwoning",Zadeldak bedekt met pannen,6 kamers (5 slaapkamers),1 badkamer en 1 apart toilet,3 woonlagen,A,In woonwijk,Achtertuin en voortuin,2.260
Teugelaan 21,Schoorl,€ 1.995.000,1.173 m²,311 m²,2004,Bestaande bouw,"Villa, vrijstaande woning",Samengesteld dak bedekt met pannen,10 kamers (7 slaapkamers),3 badkamers en 1 apart toilet,"2 woonlagen, een zolder en een kelder",A,"Aan rustige weg, beschutte ligging en in bosrijke omgeving",Tuin rondom,580
Middenhoek 24,Loenen aan de Vecht,€ 489.000,307 m²,107 m²,1988,Bestaande bouw,"Eengezinswoning, hoekwoning",Zadeldak bedekt met pannen,5 kamers (4 slaapkamers),1 badkamer en 1 apart toilet,3 woonlagen en een vliering,C,"Aan rustige weg, beschutte ligging en in woonwijk","Achtertuin, voortuin en zijtuin",1.550
Smaragd 11,Anna Paulowna,€ 300.000,144 m²,120 m²,2008,Bestaande bouw,"Eengezinswoning, tussenwoning",Lessenaardak bedekt met pannen,4 kamers (3 slaapkamers),1 badkamer en 1 apart toilet,2 woonlagen en een zolder,A,Aan rustige weg en in woonwijk,Achtertuin en voortuin,
Izaäk Evertslaan 4,Arnhem,€ 985.000,553 m²,201 m²,1925,Bestaande bouw,"Villa, vrijstaande woning",Mansarde dak bedekt met pannen,9 kamers (6 slaapkamers),1 badkamer en 1 apart toilet,"2 woonlagen, een zolder en een kelder",Niet verplicht,"Aan park, aan rustige weg, in bosrijke omgeving, in woonwijk en vrij uitzicht",Tuin rondom,1.250
Floraplein 6,Eindhoven,€ 700.000,199 m²,167 m²,1938,Bestaande bouw,"Eengezinswoning, eindwoning",Zadeldak bedekt met pannen,6 kamers (5 slaapkamers),2 badkamers en 1 apart toilet,3 woonlagen en een zolder,C,In woonwijk,Achtertuin en voortuin,3.065
Kruislandstraat 7,Haaksbergen,€ 385.000,558 m²,100 m²,1966,Bestaande bouw,"Eengezinswoning, vrijstaande woning",Zadeldak bedekt met pannen,5 kamers (4 slaapkamers),1 badkamer en 1 apart toilet,1 woonlaag en een vliering,F,,Tuin rondom,1.015
Badhuisstraat 30,Bergambacht,€ 419.000,303 m²,109 m²,1955,Bestaande bouw,"Eengezinswoning, hoekwoning",Zadeldak bedekt met pannen,6 kamers (5 slaapkamers),1 badkamer en 1 apart toilet,3 woonlagen,D,In woonwijk,"Achtertuin, voortuin en zijtuin",3.270
